Date,Price,Open,High,Low,Vol.,Change %
12/01/2017,19516.3,19592.8,19631.1,19439.7,1.65M,-0.58%
12/04/2017,19516.3,19669.3,20052.0,19516.3,1.27M,0.00%
12/05/2017,19057.0,19669.3,19669.3,19057.0,3.06M,-2.35%
12/06/2017,19018.8,18904.0,19057.0,18750.9,2.33M,-0.20%
12/07/2017,19133.6,19133.6,19248.4,18789.2,808.64K,0.60%
12/08/2017,19133.6,19171.8,19286.7,18865.7,1.07M,0.00%
12/11/2017,18368.2,18291.7,18980.5,18291.7,1.56M,-4.00%
12/12/2017,18444.8,18368.2,18674.4,17105.4,3.29M,0.42%
12/13/2017,18291.7,18444.8,18521.3,18100.4,2.54M,-0.83%
12/14/2017,18712.6,18215.2,18750.9,17794.2,1.85M,2.30%
12/15/2017,18597.8,18521.3,18712.6,18253.4,808.26K,-0.61%
12/18/2017,18636.1,18597.8,18750.9,18521.3,1.29M,0.21%
12/19/2017,18444.8,18636.1,18904.0,18444.8,1.18M,-1.03%
12/20/2017,18750.9,18444.8,18904.0,18406.5,1.10M,1.66%
12/21/2017,18521.3,18750.9,18980.5,18521.3,1.65M,-1.22%
12/22/2017,18253.4,18291.7,18521.3,17985.6,2.43M,-1.45%
12/25/2017,18215.2,18521.3,18597.8,18138.6,720.01K,-0.21%
12/26/2017,18444.8,18215.2,18444.8,17985.6,1.27M,1.26%
12/27/2017,18674.4,18559.6,18865.7,18406.5,1.51M,1.24%
12/28/2017,18942.2,18674.4,19210.1,18674.4,1.74M,1.43%
12/29/2017,19516.3,19171.8,19516.3,18942.2,3.26M,3.03%
01/02/2018,20664.3,19516.3,20664.3,19286.7,3.65M,5.88%
01/03/2018,20511.2,20664.3,20702.5,20281.6,3.09M,-0.74%
01/04/2018,21085.2,20511.2,21200.0,20319.9,5.56M,2.80%
01/05/2018,20970.4,21046.9,21085.2,20626.0,2.40M,-0.54%
01/08/2018,21314.8,21200.0,21582.7,20970.4,2.58M,1.64%
01/09/2018,20970.4,21314.8,21391.3,19898.9,5.30M,-1.62%
01/10/2018,21008.7,20970.4,21620.9,20893.9,3.54M,0.18%
01/11/2018,21123.5,21046.9,21238.3,20779.1,1.97M,0.55%
01/12/2018,20855.6,20817.3,21085.2,20740.8,3.13M,-1.27%
01/15/2018,20893.9,20702.5,21200.0,20472.9,2.25M,0.18%
01/16/2018,21200.0,20932.1,21353.1,20855.6,2.98M,1.47%
01/17/2018,20664.3,21200.0,21506.1,20664.3,3.58M,-2.53%
01/18/2018,20740.8,20358.1,20740.8,20128.5,2.31M,0.37%
01/19/2018,20587.7,20817.3,20893.9,20358.1,4.47M,-0.74%
01/22/2018,21774.0,20587.7,21888.8,20549.5,6.34M,5.76%
01/25/2018,23266.4,22271.5,23266.4,22041.9,10.04M,6.85%
01/26/2018,24873.7,24873.7,24873.7,24108.3,7.14M,6.91%
01/29/2018,26480.9,25256.3,26595.7,25256.3,5.53M,6.46%
01/30/2018,27552.4,25141.5,27552.4,25141.5,4.13M,4.05%
01/31/2018,26174.7,28470.8,28509.0,26174.7,2.21M,-5.00%
02/01/2018,25792.1,26404.3,26442.6,25179.8,2.38M,-1.46%
02/02/2018,25792.1,25485.9,26251.3,25332.9,2.23M,0.00%
02/05/2018,23993.5,25409.4,25562.5,23993.5,3.51M,-6.97%
02/06/2018,22348.0,22348.0,23572.6,22348.0,4.17M,-6.86%
02/07/2018,23878.7,23878.7,23878.7,22960.3,2.59M,6.85%
02/08/2018,24644.1,23878.7,25103.3,23878.7,2.57M,3.21%
02/09/2018,24720.6,22960.3,25256.3,22922.0,2.26M,0.31%
02/12/2018,26442.6,25256.3,26442.6,24873.7,2.97M,6.97%
02/13/2018,27093.2,27858.5,27935.0,26787.0,3.09M,2.46%
02/21/2018,28623.8,27552.4,28968.2,27246.2,2.69M,5.65%
02/22/2018,28164.6,28317.7,29542.2,28126.4,3.59M,-1.60%
02/23/2018,28394.2,28317.7,28700.4,27475.8,4.56M,0.82%
02/26/2018,29159.6,29006.5,29657.1,28623.8,4.42M,2.70%
02/27/2018,29197.8,29159.6,29695.3,28776.9,2.79M,0.13%
02/28/2018,29848.4,29006.5,30231.1,28815.2,5.69M,2.23%
03/01/2018,28930.0,29542.2,30307.6,28700.4,3.31M,-3.08%
03/02/2018,28930.0,28317.7,29083.0,28241.2,2.99M,0.00%
03/05/2018,26940.1,29274.4,29389.2,26940.1,3.26M,-6.88%
03/06/2018,28815.2,27552.4,28815.2,27131.4,3.18M,6.96%
03/07/2018,28700.4,29083.0,29159.6,28241.2,2.58M,-0.40%
03/08/2018,28470.8,28700.4,29083.0,28317.7,1.42M,-0.80%
03/09/2018,28509.0,28700.4,29083.0,28317.7,2.85M,0.13%
03/12/2018,29542.2,29618.8,29848.4,29083.0,2.53M,3.62%
03/13/2018,30001.5,29542.2,30001.5,29083.0,2.49M,1.55%
03/14/2018,29848.4,30460.7,30460.7,29771.9,2.51M,-0.51%
03/15/2018,31914.8,29848.4,31914.8,29618.8,4.44M,6.92%
03/16/2018,32756.7,32374.0,33292.4,31991.3,3.31M,2.64%
03/19/2018,31914.8,32909.8,32986.3,31532.1,2.98M,-2.57%
03/20/2018,32527.1,31532.1,32986.3,31379.1,2.35M,1.92%
03/21/2018,33292.4,33292.4,33522.0,32603.6,2.02M,2.35%
03/22/2018,33904.7,33292.4,34057.8,33101.1,3.18M,1.84%
03/23/2018,32412.3,33292.4,33369.0,31685.2,4.61M,-4.40%
03/26/2018,34363.9,32144.4,34363.9,32144.4,2.43M,6.02%
03/27/2018,33751.6,35205.8,35665.0,33751.6,3.70M,-1.78%
03/28/2018,34096.0,33675.1,34249.1,33215.9,2.10M,1.02%
03/29/2018,33675.1,34096.0,34210.8,33522.0,1.13M,-1.23%
03/30/2018,33215.9,33522.0,33636.8,32641.9,2.78M,-1.36%
04/02/2018,34440.4,33522.0,34440.4,32871.5,3.28M,3.69%
04/03/2018,34517.0,34670.0,35052.7,34210.8,1.69M,0.22%
04/04/2018,34287.4,34517.0,34784.9,34287.4,1.90M,-0.67%
04/05/2018,33675.1,34287.4,34287.4,33483.8,2.19M,-1.79%
04/06/2018,33675.1,33828.2,34210.8,33522.0,1.85M,0.00%
04/09/2018,33981.2,33904.7,34440.4,33215.9,3.43M,0.91%
04/10/2018,34823.1,34363.9,35511.9,34287.4,5.26M,2.48%
04/11/2018,34057.8,35818.1,35818.1,33675.1,3.00M,-2.20%
04/12/2018,33981.2,33904.7,34440.4,33369.0,2.28M,-0.22%
04/13/2018,32144.4,34057.8,34287.4,31914.8,4.24M,-5.41%
04/16/2018,30613.7,31379.1,32144.4,30613.7,2.78M,-4.76%
04/17/2018,32067.9,30613.7,32067.9,30384.1,3.16M,4.75%
04/18/2018,30766.8,32680.2,32680.2,30766.8,1.50M,-4.06%
04/19/2018,29083.0,30766.8,30919.9,28930.0,3.46M,-5.47%
04/20/2018,30192.8,29465.7,30269.3,28317.7,3.04M,3.82%
04/23/2018,28088.1,30460.7,31111.2,28088.1,4.04M,-6.97%
04/24/2018,29083.0,28317.7,29465.7,27475.8,3.15M,3.54%
04/26/2018,27935.0,28930.0,29465.7,27169.7,2.78M,-3.95%
04/27/2018,27628.9,27858.5,29159.6,27552.4,2.55M,-1.10%
05/02/2018,25715.5,28088.1,28241.2,25715.5,2.35M,-6.93%
05/03/2018,25792.1,24644.1,26710.5,23917.0,5.24M,0.30%
05/04/2018,24873.7,26098.2,26404.3,24873.7,2.01M,-3.56%
05/07/2018,26595.7,25218.1,26595.7,24261.4,4.48M,6.92%
05/08/2018,27169.7,26595.7,28279.4,26327.8,3.79M,2.16%
05/09/2018,26787.0,26787.0,27743.7,26404.3,2.32M,-1.41%
05/10/2018,25026.7,26327.8,27246.2,24911.9,3.56M,-6.57%
05/11/2018,26021.7,25026.7,26174.7,24108.3,2.66M,3.98%
05/14/2018,26251.3,26480.9,26557.4,25792.1,1.15M,0.88%
05/15/2018,26480.9,26251.3,26787.0,26021.7,2.79M,0.87%
05/16/2018,25409.4,26098.2,26251.3,25371.1,2.34M,-4.05%
05/17/2018,25256.3,25409.4,25639.0,25026.7,1.89M,-0.60%
05/18/2018,25218.1,25256.3,25562.5,23725.6,3.69M,-0.15%
05/21/2018,24108.3,25218.1,25218.1,24108.3,3.03M,-4.40%
05/22/2018,22424.6,23725.6,24031.8,22424.6,3.92M,-6.98%
05/23/2018,23304.7,22041.9,23343.0,22003.6,2.29M,3.92%
05/24/2018,22692.4,23343.0,23534.3,22539.4,1.37M,-2.63%
05/25/2018,21200.0,22845.5,23036.8,21200.0,2.72M,-6.58%
05/28/2018,19745.9,20740.8,20817.3,19745.9,4.91M,-6.86%
05/29/2018,21123.5,20281.6,21123.5,19745.9,3.61M,6.98%
05/30/2018,21123.5,21429.6,21812.3,20932.1,2.70M,0.00%
05/31/2018,22386.3,20893.9,22501.1,20893.9,4.29M,5.98%
06/01/2018,22730.7,22195.0,23496.0,22041.9,4.57M,1.54%
06/04/2018,23343.0,22195.0,23419.5,21735.7,6.14M,2.69%
06/05/2018,23266.4,23189.9,23878.7,22654.2,3.86M,-0.33%
06/06/2018,24337.9,23304.7,24337.9,22807.2,3.19M,4.61%
06/07/2018,23878.7,24337.9,24644.1,23878.7,4.66M,-1.89%
06/08/2018,24108.3,23878.7,24261.4,23572.6,3.37M,0.96%
06/11/2018,23725.6,23802.2,24452.7,23725.6,2.92M,-1.59%
06/12/2018,22654.2,23189.9,23343.0,22080.2,5.43M,-4.52%
06/13/2018,22692.4,22654.2,22960.3,22309.8,2.10M,0.17%
06/14/2018,21659.2,22730.7,22883.8,21659.2,4.87M,-4.55%
06/15/2018,22195.0,21429.6,22195.0,21276.5,2.84M,2.47%
06/18/2018,20893.9,22195.0,22233.2,20817.3,3.61M,-5.86%
06/19/2018,20511.2,20511.2,20664.3,19439.7,6.87M,-1.83%
06/20/2018,21429.6,20740.8,21429.6,20396.4,2.97M,4.48%
06/21/2018,20511.2,21123.5,21429.6,20358.1,2.61M,-4.29%
06/22/2018,21046.9,19937.2,21161.7,19937.2,2.87M,2.61%
06/25/2018,21582.7,21467.9,21927.1,21353.1,2.44M,2.55%
06/26/2018,21276.5,21046.9,21506.1,20893.9,1.61M,-1.42%
06/27/2018,20511.2,21276.5,21582.7,20511.2,2.43M,-3.60%
06/28/2018,19822.4,20205.1,20511.2,19745.9,4.82M,-3.36%
06/29/2018,19898.9,19898.9,20434.7,19669.3,2.66M,0.39%
07/02/2018,18942.2,19516.3,19898.9,18636.1,4.46M,-4.81%
07/03/2018,17641.2,18980.5,19248.4,17641.2,6.22M,-6.87%
07/04/2018,17526.4,17641.2,17717.7,16799.3,5.84M,-0.65%
07/05/2018,16531.4,17258.5,17641.2,16301.8,3.83M,-5.68%
07/06/2018,17679.4,16378.3,17679.4,15957.4,6.37M,6.94%
07/09/2018,17832.5,18062.1,18674.4,17794.2,6.82M,0.87%
07/10/2018,18100.4,18138.6,18636.1,17909.0,4.54M,1.50%
07/11/2018,16914.1,17449.8,17602.9,16837.6,6.84M,-6.55%
07/12/2018,17602.9,17143.7,18062.1,16875.8,3.16M,4.07%
07/13/2018,17985.6,17985.6,18368.2,17832.5,3.95M,2.17%
07/16/2018,18483.0,18368.2,18674.4,18138.6,3.66M,2.77%
07/17/2018,19057.0,18062.1,19248.4,18062.1,5.02M,3.11%
07/18/2018,20013.7,19133.6,20052.0,19057.0,5.05M,5.02%
07/19/2018,19745.9,19898.9,20052.0,19516.3,4.21M,-1.34%
07/20/2018,19439.7,19439.7,19822.4,18980.5,5.38M,-1.55%
07/23/2018,18980.5,19439.7,20052.0,18980.5,3.93M,-2.36%
07/24/2018,18980.5,18904.0,19516.3,18368.2,3.26M,0.00%
07/25/2018,18062.1,19133.6,19248.4,18062.1,3.49M,-4.84%
07/26/2018,18444.8,18062.1,18444.8,17794.2,2.97M,2.12%
07/27/2018,18980.5,18444.8,19095.3,18368.2,2.55M,2.90%
07/30/2018,20128.5,19286.7,20128.5,19133.6,4.77M,6.05%
07/31/2018,20128.5,20052.0,20626.0,19784.1,6.67M,0.00%
08/01/2018,20128.5,20128.5,20511.2,19898.9,4.39M,0.00%
08/02/2018,20052.0,19898.9,20052.0,19363.2,4.43M,-0.38%
08/03/2018,20319.9,20358.1,20434.7,20128.5,3.25M,1.34%
08/06/2018,20549.5,20358.1,21123.5,19937.2,4.10M,1.13%
08/07/2018,21008.7,20128.5,21200.0,20128.5,4.66M,2.23%
08/08/2018,22348.0,21046.9,22348.0,21046.9,5.67M,6.37%
08/09/2018,22080.2,22577.6,22807.2,22041.9,4.33M,-1.20%
08/10/2018,22883.8,21888.8,22883.8,21812.3,5.56M,3.64%
08/13/2018,23343.0,22730.7,23610.8,22654.2,4.62M,2.01%
08/14/2018,22960.3,23343.0,23457.8,22883.8,2.75M,-1.64%
08/15/2018,22424.6,23343.0,23496.0,21888.8,6.22M,-2.33%
08/16/2018,22960.3,22156.7,22998.6,21429.6,6.31M,2.39%
08/17/2018,23802.2,23419.5,24261.4,23036.8,5.87M,3.67%
08/20/2018,24031.8,23725.6,24337.9,23572.6,4.49M,0.96%
08/21/2018,25256.3,23725.6,25256.3,23725.6,5.12M,5.10%
08/22/2018,24873.7,25409.4,25792.1,24797.1,5.47M,-1.51%
08/23/2018,25294.6,25026.7,25639.0,24644.1,4.20M,1.69%
08/24/2018,25562.5,24950.2,25677.3,24950.2,3.49M,1.06%
08/27/2018,26021.7,25792.1,26098.2,25600.7,3.20M,1.80%
08/28/2018,25792.1,26251.3,26251.3,25485.9,3.25M,-0.88%
08/29/2018,25753.8,25792.1,26098.2,25677.3,2.92M,-0.15%
08/30/2018,26710.5,25715.5,26710.5,25639.0,4.13M,3.71%
08/31/2018,26327.8,26633.9,26787.0,26251.3,2.94M,-1.43%
09/04/2018,24873.7,26021.7,26021.7,24644.1,5.14M,-5.52%
09/05/2018,25332.9,24644.1,25524.2,24605.8,4.13M,1.85%
09/06/2018,25065.0,25332.9,25409.4,24797.1,2.42M,-1.06%
09/07/2018,25945.1,24873.7,26136.5,24873.7,3.99M,3.51%
09/10/2018,26021.7,25868.6,26404.3,25639.0,3.87M,0.30%
09/11/2018,27016.6,26021.7,27093.2,25945.1,5.50M,3.82%
09/12/2018,26595.7,27169.7,27246.2,26595.7,3.18M,-1.56%
09/13/2018,26787.0,26940.1,27169.7,26404.3,3.75M,0.72%
09/14/2018,26672.2,27016.6,27169.7,26557.4,2.08M,-0.43%
09/17/2018,26174.7,26557.4,26863.5,26174.7,2.72M,-1.87%
09/18/2018,26978.3,25868.6,27016.6,25639.0,5.19M,3.07%
09/19/2018,27016.6,27169.7,27514.1,26940.1,3.70M,0.14%
09/20/2018,27169.7,27016.6,27361.0,26672.2,2.90M,0.57%
09/21/2018,27016.6,27322.8,27361.0,26519.1,5.82M,-0.56%
09/24/2018,26710.5,27016.6,27246.2,26672.2,3.05M,-1.13%
09/25/2018,26787.0,26595.7,27246.2,26480.9,2.29M,0.29%
09/26/2018,26710.5,26748.7,27131.4,26710.5,2.46M,-0.29%
09/27/2018,26519.1,26787.0,26825.3,26519.1,2.61M,-0.72%
09/28/2018,26940.1,26710.5,27284.5,26557.4,3.55M,1.59%
10/01/2018,26595.7,26940.1,27169.7,26480.9,2.18M,-1.28%
10/02/2018,27705.4,26633.9,27858.5,26404.3,6.54M,4.17%
10/03/2018,28049.8,27782.0,28126.4,27705.4,2.97M,1.24%
10/04/2018,28126.4,28088.1,28164.6,27782.0,2.36M,0.27%
10/05/2018,27169.7,27858.5,28011.6,27169.7,3.57M,-3.40%
10/08/2018,27552.4,26940.1,27705.4,26710.5,4.11M,1.41%
10/09/2018,27628.9,27628.9,27935.0,27399.3,1.60M,0.28%
10/10/2018,27054.9,27705.4,27705.4,26940.1,2.62M,-2.08%
10/11/2018,25179.8,25332.9,26251.3,25179.8,8.27M,-6.93%
10/12/2018,25868.6,25256.3,26136.5,24491.0,3.35M,2.74%
10/15/2018,24950.2,26021.7,26021.7,24950.2,1.51M,-3.55%
10/16/2018,25639.0,24950.2,25639.0,24950.2,1.98M,2.76%
10/17/2018,26480.9,26021.7,26633.9,25983.4,3.61M,3.28%
10/18/2018,26480.9,26327.8,26901.8,25868.6,4.22M,0.00%
10/19/2018,26480.9,26021.7,26595.7,25868.6,2.53M,0.00%
10/22/2018,26787.0,26787.0,27131.4,26557.4,4.58M,1.16%
10/23/2018,26710.5,26633.9,26940.1,25639.0,4.59M,-0.29%
10/24/2018,24950.2,26710.5,26787.0,24950.2,2.81M,-6.59%
10/25/2018,23878.7,23228.2,24491.0,23228.2,5.78M,-4.29%
10/26/2018,23419.5,24491.0,24720.6,23419.5,2.36M,-1.92%
10/29/2018,22118.4,23343.0,23572.6,22041.9,3.12M,-5.56%
10/30/2018,21123.5,21812.3,22730.7,21123.5,3.95M,-4.50%
10/31/2018,22577.6,21812.3,22577.6,21582.7,2.10M,6.88%
11/01/2018,23228.2,24070.0,24108.3,23189.9,3.74M,2.88%
11/02/2018,24835.4,23725.6,24835.4,23572.6,4.36M,6.92%
11/05/2018,25103.3,24491.0,25103.3,24184.8,2.18M,1.08%
11/06/2018,24491.0,25256.3,25371.1,24376.2,2.31M,-2.44%
11/07/2018,24835.4,24491.0,25141.5,24414.4,2.66M,1.41%
11/08/2018,24835.4,25639.0,25639.0,24797.1,2.17M,0.00%
11/09/2018,24261.4,24644.1,24873.7,24223.1,2.25M,-2.31%
11/12/2018,24644.1,23802.2,24835.4,23802.2,1.68M,1.58%
11/13/2018,23725.6,23955.2,24299.6,23725.6,2.58M,-3.73%
11/14/2018,22960.3,23725.6,24108.3,22960.3,1.90M,-3.23%
11/15/2018,23725.6,22960.3,24337.9,22883.8,1.98M,3.33%
11/16/2018,24644.1,24108.3,24835.4,24108.3,2.94M,3.87%
11/19/2018,24644.1,24644.1,24911.9,24491.0,1.91M,0.00%
11/20/2018,24261.4,24070.0,24491.0,24070.0,1.64M,-1.55%
11/21/2018,24491.0,23878.7,24644.1,23840.4,2.20M,0.95%
11/22/2018,24376.2,24644.1,24835.4,24337.9,2.35M,-0.47%
11/23/2018,24261.4,24337.9,24567.5,24184.8,1.69M,-0.47%
11/26/2018,24223.1,24031.8,24452.7,24031.8,994.73K,-0.16%
11/27/2018,24070.0,24414.4,24491.0,23725.6,1.74M,-0.63%
11/28/2018,24146.6,24070.0,24223.1,23955.2,961.05K,0.32%
11/29/2018,23917.0,24146.6,24491.0,23917.0,3.12M,-0.95%
11/30/2018,24031.8,23419.5,24337.9,23419.5,3.28M,0.48%
12/03/2018,25677.3,24491.0,25677.3,24337.9,4.36M,6.85%
12/04/2018,25562.5,25677.3,26098.2,25409.4,2.99M,-0.45%
12/05/2018,25906.9,25256.3,26059.9,25103.3,3.24M,1.35%
12/06/2018,25792.1,25792.1,25906.9,25409.4,2.50M,-0.44%
12/07/2018,25792.1,25868.6,26327.8,25753.8,1.53M,0.00%
12/10/2018,25792.1,25792.1,26098.2,25447.7,1.96M,0.00%
12/11/2018,25677.3,25792.1,25906.9,25562.5,1.44M,-0.45%
12/12/2018,26519.1,25792.1,26519.1,25562.5,2.80M,3.28%
12/13/2018,26251.3,26748.7,26748.7,26251.3,2.03M,-1.01%
12/14/2018,25945.1,26174.7,26633.9,25868.6,1.53M,-1.17%
12/17/2018,25409.4,25600.7,26059.9,25409.4,2.86M,-2.06%
12/18/2018,25753.8,25026.7,25753.8,24873.7,2.95M,1.36%
12/19/2018,25485.9,25753.8,25983.4,25485.9,1.65M,-1.04%
12/20/2018,25983.4,25639.0,26213.0,25562.5,2.06M,1.95%
12/21/2018,26021.7,25868.6,26059.9,25562.5,888.33K,0.15%
12/24/2018,26021.7,26021.7,26595.7,25868.6,2.34M,0.00%
12/25/2018,25065.0,25409.4,25830.3,24261.4,2.30M,-3.68%
12/26/2018,24950.2,25065.0,25600.7,24911.9,1.30M,-0.46%
12/27/2018,26021.7,25868.6,26366.1,25677.3,2.07M,4.29%
12/28/2018,26327.8,25868.6,26327.8,25753.8,2.68M,1.18%
01/02/2019,25639.0,26327.8,26327.8,25600.7,1.01M,-2.62%
01/03/2019,24491.0,25639.0,25868.6,24491.0,1.39M,-4.48%
01/04/2019,24146.6,24108.3,24452.7,23572.6,1.83M,-1.41%
01/07/2019,24720.6,24491.0,25256.3,24491.0,1.01M,2.38%
01/08/2019,24491.0,24950.2,24950.2,24414.4,702.48K,-0.93%
01/09/2019,25256.3,24720.6,25294.6,24567.5,1.35M,3.12%
01/10/2019,24873.7,25256.3,25332.9,24873.7,516.52K,-1.51%
01/11/2019,24414.4,24873.7,25103.3,24376.2,1.18M,-1.85%
01/14/2019,24414.4,24414.4,24758.9,24070.0,950.72K,0.00%
01/15/2019,24873.7,24299.6,25103.3,24299.6,730.36K,1.88%
01/16/2019,24644.1,25026.7,25065.0,24644.1,457.40K,-0.92%
01/17/2019,24452.7,24644.1,24797.1,24414.4,374.24K,-0.78%
01/18/2019,24261.4,24452.7,24720.6,24223.1,640.35K,-0.78%
01/21/2019,25141.5,24491.0,25524.2,24261.4,1.52M,3.63%
01/22/2019,25065.0,25179.8,25332.9,25026.7,709.27K,-0.30%
01/23/2019,25026.7,24797.1,25141.5,24567.5,575.72K,-0.15%
01/24/2019,24873.7,24911.9,25141.5,24873.7,728.89K,-0.61%
01/25/2019,24529.3,25026.7,25026.7,24491.0,718.12K,-1.38%
01/28/2019,24414.4,24529.3,24758.9,24337.9,685.69K,-0.47%
01/29/2019,24261.4,24414.4,24414.4,24146.6,799.76K,-0.63%
01/30/2019,24261.4,24414.4,24682.3,24184.8,540.07K,0.00%
01/31/2019,24108.3,24644.1,24644.1,24108.3,852.88K,-0.63%
02/01/2019,24184.8,24070.0,24376.2,24031.8,675.45K,0.32%
02/11/2019,24452.7,24567.5,24682.3,24337.9,794.50K,1.11%
02/12/2019,24835.4,24529.3,25026.7,24529.3,1.76M,1.57%
02/13/2019,24873.7,24911.9,24950.2,24682.3,1.96M,0.15%
02/14/2019,24797.1,24873.7,24911.9,24758.9,1.28M,-0.31%
02/15/2019,25371.1,24758.9,25868.6,24567.5,2.04M,2.31%
02/18/2019,25639.0,25639.0,25792.1,25409.4,1.20M,1.06%
02/19/2019,25179.8,25639.0,25830.3,25179.8,1.44M,-1.79%
02/20/2019,26021.7,25103.3,26710.5,24988.5,2.97M,3.34%
02/21/2019,26213.0,26213.0,26519.1,26021.7,2.71M,0.74%
02/22/2019,26021.7,26174.7,26557.4,26021.7,1.84M,-0.73%
02/25/2019,26021.7,26404.3,26404.3,25792.1,2.12M,0.00%
02/26/2019,25715.5,25792.1,26021.7,25639.0,1.77M,-1.18%
02/27/2019,25715.5,25715.5,25983.4,25639.0,942.09K,0.00%
02/28/2019,24873.7,25715.5,25830.3,24873.7,2.26M,-3.27%
03/01/2019,25141.5,24950.2,25332.9,24950.2,1.45M,1.08%
03/04/2019,25715.5,25332.9,25830.3,25256.3,1.15M,2.28%
03/05/2019,26480.9,25409.4,27016.6,25409.4,5.30M,2.98%
03/06/2019,26595.7,26480.9,26710.5,26327.8,2.01M,0.43%
03/07/2019,26710.5,26787.0,26978.3,26557.4,2.14M,0.43%
03/08/2019,26021.7,26366.1,26557.4,25945.1,2.28M,-2.58%
03/11/2019,25753.8,26098.2,26098.2,25600.7,1.43M,-1.03%
03/12/2019,27169.7,26098.2,27169.7,25868.6,2.13M,5.50%
03/13/2019,27246.2,27016.6,27514.1,26940.1,3.60M,0.28%
03/14/2019,27705.4,27246.2,28088.1,26940.1,3.33M,1.69%
03/15/2019,28470.8,27705.4,28700.4,27475.8,4.00M,2.76%
03/18/2019,28547.3,28470.8,28776.9,28241.2,3.68M,0.27%
03/19/2019,28011.6,28432.5,28547.3,27935.0,3.55M,-1.88%
03/20/2019,27628.9,27667.2,27935.0,27169.7,3.40M,-1.37%
03/21/2019,26633.9,27743.7,28049.8,26633.9,2.82M,-3.60%
03/22/2019,26863.5,27093.2,27322.8,26633.9,2.36M,0.86%
03/25/2019,26404.3,26098.2,26787.0,25639.0,2.63M,-1.71%
03/26/2019,26251.3,26710.5,26863.5,26174.7,1.31M,-0.58%
03/27/2019,26710.5,26672.2,26863.5,26251.3,1.56M,1.75%
03/28/2019,27246.2,26366.1,27437.6,26366.1,2.76M,2.01%
03/29/2019,27399.3,27246.2,27552.4,27246.2,2.08M,0.56%
04/01/2019,27169.7,27399.3,27782.0,27016.6,1.14M,-0.84%
04/02/2019,26633.9,27552.4,27552.4,26633.9,1.83M,-1.97%
04/03/2019,27322.8,26633.9,27628.9,26366.1,2.38M,2.59%
04/04/2019,27016.6,27552.4,27552.4,26901.8,1.33M,-1.12%
04/05/2019,26825.3,27016.6,27322.8,26633.9,927.74K,-0.71%
04/08/2019,27169.7,26633.9,27208.0,26633.9,1.31M,1.28%
04/09/2019,27361.0,27169.7,27705.4,27169.7,2.62M,0.70%
04/10/2019,26940.1,27361.0,27399.3,26940.1,657.17K,-1.54%
04/11/2019,26901.8,27016.6,27169.7,26748.7,809.91K,-0.14%
04/12/2019,26595.7,26863.5,26940.1,26557.4,1.12M,-1.14%
04/16/2019,27169.7,26480.9,27246.2,26174.7,1.77M,2.16%
04/17/2019,26633.9,27169.7,27169.7,26633.9,1.07M,-1.97%
04/18/2019,26633.9,26633.9,27093.2,26519.1,1.28M,0.00%
04/19/2019,26672.2,26633.9,26940.1,26557.4,369.60K,0.14%
04/22/2019,26174.7,26672.2,26672.2,25983.4,864.62K,-1.87%
04/23/2019,26174.7,26480.9,26480.9,25983.4,1.26M,0.00%
04/24/2019,26480.9,26404.3,26633.9,26251.3,676.77K,1.17%
04/25/2019,26404.3,26480.9,26787.0,26404.3,584.35K,-0.29%
04/26/2019,26633.9,26404.3,26710.5,26404.3,608.98K,0.87%
05/02/2019,26404.3,26787.0,26787.0,26404.3,608.05K,-0.86%
05/03/2019,26174.7,26404.3,26633.9,26174.7,698.44K,-0.87%
05/06/2019,25332.9,25753.8,25945.1,25256.3,1.53M,-3.22%
05/07/2019,25332.9,25485.9,25945.1,25179.8,1.19M,0.00%
05/08/2019,24758.9,25026.7,25256.3,24758.9,1.42M,-2.27%
05/09/2019,23802.2,24988.5,25103.3,23725.6,2.44M,-3.86%
05/10/2019,24491.0,24108.3,24644.1,24031.8,1.38M,2.89%
05/13/2019,25026.7,24491.0,25103.3,24491.0,979.04K,2.19%
05/14/2019,24797.1,24835.4,24950.2,24491.0,1.37M,-0.92%
05/15/2019,25179.8,24950.2,25332.9,24720.6,1.84M,1.54%
05/16/2019,24950.2,25218.1,25256.3,24835.4,976.23K,-0.91%
05/17/2019,24605.8,25026.7,25026.7,24491.0,1.18M,-1.38%
05/20/2019,25026.7,24567.5,25179.8,24567.5,1.21M,1.71%
05/21/2019,25294.6,25026.7,25447.7,24950.2,2.16M,1.07%
05/22/2019,25409.4,25294.6,25715.5,25294.6,1.59M,0.45%
05/23/2019,25562.5,25256.3,25562.5,24950.2,1.00M,0.60%
05/24/2019,24873.7,25332.9,25447.7,24873.7,1.90M,-2.69%
05/27/2019,24950.2,24873.7,25026.7,24797.1,661.59K,0.31%
05/28/2019,24720.6,24873.7,25103.3,24605.8,1.11M,-0.92%
05/29/2019,24491.0,24720.6,24835.4,24452.7,1.13M,-0.93%
05/30/2019,24337.9,24644.1,24720.6,24337.9,844.96K,-0.63%
05/31/2019,24108.3,24223.1,24414.4,24070.0,1.15M,-0.94%
06/03/2019,23419.5,24031.8,24108.3,23419.5,1.63M,-2.86%
06/04/2019,24491.0,23419.5,24491.0,23381.2,1.09M,4.58%
06/05/2019,24031.8,24491.0,24644.1,24031.8,607.13K,-1.87%
06/06/2019,23955.2,24031.8,24261.4,23649.1,414.54K,-0.32%
06/07/2019,24261.4,23955.2,24261.4,23955.2,577.67K,1.28%
06/10/2019,24261.4,24337.9,24567.5,24261.4,593.04K,0.00%
06/11/2019,24414.4,24337.9,24491.0,24184.8,734.99K,0.63%
06/12/2019,24108.3,24261.4,24414.4,24070.0,441.84K,-1.25%
06/13/2019,24108.3,24031.8,24299.6,24031.8,363.65K,0.00%
06/14/2019,24605.8,24261.4,24682.3,24108.3,2.00M,2.06%
06/17/2019,24567.5,24644.1,24911.9,24452.7,872.48K,-0.16%
06/18/2019,24491.0,24414.4,24567.5,24261.4,344.21K,-0.31%
06/19/2019,24491.0,24797.1,24797.1,24452.7,580.83K,0.00%
06/20/2019,24988.5,24491.0,25026.7,24414.4,1.44M,2.03%
06/21/2019,24873.7,25026.7,25218.1,24835.4,630.94K,-0.46%
06/24/2019,24950.2,24988.5,25256.3,24797.1,943.43K,0.31%
06/25/2019,24567.5,24950.2,25026.7,24567.5,923.72K,-1.53%
06/26/2019,24873.7,24491.0,24911.9,24414.4,1.32M,1.25%
06/27/2019,24491.0,24835.4,24835.4,24491.0,836.14K,-1.54%
06/28/2019,24261.4,24491.0,24644.1,24031.8,821.52K,-0.94%
07/01/2019,24758.9,24644.1,24873.7,24567.5,692.29K,2.05%
07/02/2019,24529.3,24567.5,24797.1,24529.3,571.93K,-0.93%
07/03/2019,24567.5,24491.0,24797.1,24491.0,515.51K,0.16%
07/04/2019,25103.3,24797.1,25141.5,24644.1,1.44M,2.18%
07/05/2019,25103.3,24988.5,25409.4,24950.2,1.52M,0.00%
07/08/2019,24911.9,25179.8,25179.8,24797.1,709.57K,-0.76%
07/09/2019,24950.2,24797.1,25026.7,24797.1,507.71K,0.15%
07/10/2019,24797.1,24950.2,25141.5,24797.1,879.25K,-0.61%
07/11/2019,25600.7,24950.2,25639.0,24797.1,3.10M,3.24%
07/12/2019,25562.5,25639.0,25868.6,25485.9,1.78M,-0.15%
07/15/2019,25485.9,25485.9,25639.0,25447.7,1.15M,-0.30%
07/16/2019,26442.6,25600.7,26442.6,25600.7,4.14M,3.75%
07/17/2019,26442.6,26404.3,26710.5,26213.0,1.95M,0.00%
07/18/2019,26557.4,26366.1,26557.4,26174.7,1.81M,0.43%
07/19/2019,26710.5,26787.0,27093.2,26557.4,2.15M,0.58%
07/22/2019,27361.0,26940.1,27514.1,26787.0,3.60M,2.44%
07/23/2019,26978.3,27361.0,27361.0,26557.4,2.68M,-1.40%
07/24/2019,26366.1,27093.2,27093.2,26174.7,2.37M,-2.27%
07/25/2019,26940.1,26251.3,26940.1,26251.3,1.66M,2.18%
07/26/2019,27399.3,26787.0,27475.8,26787.0,2.75M,1.70%
07/29/2019,27399.3,27322.8,27399.3,27016.6,1.70M,0.00%
07/30/2019,26787.0,27246.2,27246.2,26748.7,2.04M,-2.23%
07/31/2019,27169.7,26787.0,27169.7,26557.4,1.17M,1.43%
08/01/2019,27131.4,27169.7,27169.7,26825.3,936.57K,-0.14%
08/02/2019,27399.3,26787.0,27552.4,26710.5,2.29M,0.99%
08/05/2019,27399.3,27169.7,27399.3,27131.4,2.48M,0.00%
08/06/2019,26940.1,26404.3,27284.5,26404.3,1.55M,-1.68%
08/07/2019,26557.4,27054.9,27169.7,26557.4,1.36M,-1.42%
08/08/2019,26557.4,26557.4,26901.8,26519.1,1.14M,0.00%
08/09/2019,26557.4,26787.0,26787.0,26174.7,1.26M,0.00%
08/12/2019,27054.9,26672.2,27093.2,26059.9,1.73M,1.87%
08/13/2019,26710.5,26825.3,27093.2,26595.7,1.03M,-1.27%
08/14/2019,26863.5,27016.6,27093.2,26595.7,654.82K,0.57%
08/15/2019,26863.5,26404.3,26863.5,26404.3,693.16K,0.00%
08/16/2019,27552.4,26787.0,28088.1,26710.5,4.07M,2.56%
08/19/2019,28088.1,27935.0,28317.7,27782.0,1.42M,1.94%
08/20/2019,28164.6,28279.4,28279.4,27973.3,1.01M,0.27%
08/21/2019,28968.2,27935.0,29274.4,27935.0,3.38M,2.85%
08/22/2019,28776.9,29083.0,29159.6,28700.4,2.04M,-0.66%
08/23/2019,28738.6,28930.0,28930.0,28432.5,1.23M,-0.13%
08/26/2019,28968.2,28241.2,28968.2,28011.6,2.27M,0.80%
08/27/2019,28700.4,29312.6,29389.2,28700.4,1.47M,-0.92%
08/28/2019,28776.9,28700.4,29083.0,28623.8,1.17M,0.27%
08/29/2019,29006.5,28776.9,29006.5,28585.6,1.67M,0.80%
08/30/2019,29657.1,29236.1,29695.3,29044.8,2.75M,2.24%
09/03/2019,29618.8,29695.3,29924.9,29580.5,1.04M,-0.13%
09/04/2019,29542.2,29618.8,29695.3,29083.0,1.16M,-0.26%
09/05/2019,29465.7,29695.3,29886.7,29465.7,1.18M,-0.26%
09/06/2019,29083.0,29465.7,29465.7,28738.6,1.92M,-1.30%
09/09/2019,29159.6,29083.0,29159.6,28891.7,1.01M,0.26%
09/10/2019,29312.6,29044.8,29542.2,28930.0,1.26M,0.52%
09/11/2019,29236.1,29083.0,29389.2,29044.8,653.09K,-0.26%
09/12/2019,29580.5,29350.9,29657.1,29083.0,2.22M,1.18%
09/13/2019,30498.9,29733.6,30498.9,29542.2,2.90M,3.10%
09/16/2019,30613.7,30498.9,31226.0,30460.7,1.57M,0.38%
09/17/2019,31379.1,30384.1,31379.1,30154.5,1.97M,2.50%
09/18/2019,31493.9,31302.5,31570.4,31034.7,2.05M,0.37%
09/19/2019,31226.0,31532.1,31570.4,31187.7,1.29M,-0.85%
09/20/2019,30613.7,31226.0,31455.6,30460.7,2.77M,-1.96%
09/23/2019,30345.9,30384.1,30996.4,30307.6,1.37M,-0.87%
09/24/2019,30192.8,30460.7,30613.7,30192.8,1.03M,-0.50%
09/25/2019,30537.2,30039.7,30537.2,29771.9,1.82M,1.14%
09/26/2019,30728.5,30537.2,31149.5,30537.2,1.12M,0.63%
09/27/2019,30805.1,30843.3,30919.9,30652.0,1.10M,0.25%
09/30/2019,30154.5,30766.8,31111.2,30154.5,1.80M,-2.11%
10/01/2019,30613.7,30154.5,30613.7,30154.5,1.08M,1.52%
10/02/2019,30766.8,30613.7,31226.0,30575.5,1.89M,0.50%
10/03/2019,31570.4,30460.7,31570.4,30422.4,2.44M,2.61%
10/04/2019,30996.4,31608.7,31876.5,30996.4,1.11M,-1.82%
10/07/2019,30919.9,31302.5,31302.5,30613.7,1.02M,-0.25%
10/08/2019,31455.6,30919.9,31455.6,30690.3,818.03K,1.73%
10/09/2019,31570.4,31455.6,31991.3,31226.0,1.78M,0.36%
10/10/2019,31379.1,31570.4,31914.8,31379.1,1.33M,-0.61%
10/11/2019,31226.0,31379.1,31532.1,31149.5,695.06K,-0.49%
10/14/2019,31493.9,31379.1,32106.1,31264.3,1.74M,0.86%
10/15/2019,31685.2,31379.1,31800.0,31379.1,794.63K,0.61%
10/16/2019,31493.9,31685.2,31876.5,31493.9,817.67K,-0.60%
10/17/2019,31226.0,31646.9,31646.9,31226.0,1.01M,-0.85%
10/18/2019,30690.3,31226.0,31226.0,30613.7,1.54M,-1.72%
10/21/2019,30078.0,30384.1,30613.7,30078.0,1.61M,-2.00%
10/22/2019,30613.7,30078.0,30613.7,30078.0,712.05K,1.78%
10/23/2019,30690.3,30613.7,30843.3,30498.9,573.21K,0.25%
10/24/2019,30843.3,30690.3,30996.4,30422.4,645.41K,0.50%
10/25/2019,30766.8,30613.7,31034.7,30460.7,1.22M,-0.25%
10/28/2019,31072.9,31455.6,31532.1,31072.9,1.01M,0.99%
10/29/2019,31072.9,31302.5,31302.5,30613.7,1.16M,0.00%
10/30/2019,30766.8,30996.4,31226.0,30728.5,956.37K,-0.99%
10/31/2019,31072.9,30766.8,31149.5,30652.0,978.09K,0.99%
11/01/2019,31379.1,30996.4,31455.6,30843.3,1.48M,0.99%
11/04/2019,32297.5,31455.6,32488.8,31455.6,2.19M,2.93%
11/05/2019,32527.1,32374.0,32527.1,32259.2,1.13M,0.71%
11/06/2019,32297.5,32412.3,32680.2,32297.5,1.03M,-0.71%
11/07/2019,32375.3,32141.8,32531.0,31752.7,1.39M,0.24%
11/08/2019,32141.8,32531.0,32686.6,32064.0,917.97K,-0.72%
11/11/2019,32141.8,32102.9,32608.8,31986.2,911.14K,0.00%
11/12/2019,32764.4,32219.7,32842.3,32141.8,1.89M,1.94%
11/13/2019,33387.1,32842.3,33387.1,32842.3,2.27M,1.90%
11/14/2019,33075.7,33464.9,33464.9,32764.4,1.02M,-0.93%
11/15/2019,32686.6,33192.5,33231.4,32686.6,789.40K,-1.18%
11/18/2019,32141.8,32531.0,32842.3,32102.9,1.21M,-1.67%
11/19/2019,32414.2,32141.8,32453.1,31986.2,850.26K,0.85%
11/20/2019,32336.4,32608.8,32608.8,32102.9,310.05K,-0.24%
11/21/2019,32064.0,32297.5,32453.1,32025.1,769.32K,-0.84%
11/22/2019,31285.8,32297.5,32297.5,30974.5,1.31M,-2.43%
11/25/2019,30896.6,31285.8,31597.1,30741.0,1.03M,-1.24%
11/26/2019,31130.1,31363.6,31558.2,30974.5,511.31K,0.76%
11/27/2019,31752.7,31207.9,32219.7,31207.9,1.33M,2.00%
11/28/2019,31636.0,31908.4,31908.4,31480.3,498.40K,-0.37%
11/29/2019,31519.2,31519.2,31830.5,31519.2,492.54K,-0.37%
12/02/2019,30663.2,31363.6,31363.6,30663.2,882.97K,-2.72%
12/03/2019,30896.6,30663.2,31169.0,30351.9,989.60K,0.76%
12/04/2019,31402.5,30896.6,31558.2,30818.8,443.10K,1.64%
12/05/2019,31130.1,31558.2,31597.1,30857.7,495.08K,-0.87%
12/06/2019,30857.7,30896.6,31285.8,30779.9,471.55K,-0.88%
12/09/2019,31130.1,31130.1,31130.1,30857.7,450.97K,0.88%
12/10/2019,31052.3,31130.1,31402.5,30935.6,522.78K,-0.25%
12/11/2019,31207.9,31052.3,31207.9,30974.5,352.32K,0.50%
12/12/2019,31908.4,31597.1,31908.4,31285.8,910.69K,2.24%
12/13/2019,32608.8,31908.4,32647.7,31908.4,1.79M,2.20%
12/16/2019,32608.8,32842.3,32881.2,32297.5,1.06M,0.00%
12/17/2019,32258.6,32531.0,32608.8,32141.8,730.07K,-1.07%
12/18/2019,32686.6,31986.2,33114.7,31986.2,1.86M,1.33%
12/19/2019,32842.3,32764.4,33036.8,32219.7,883.60K,0.48%
12/20/2019,33270.3,32686.6,33309.2,32686.6,896.66K,1.30%
12/23/2019,34826.8,33270.3,34982.5,33270.3,3.07M,4.68%
12/24/2019,34943.6,34671.2,35138.1,34476.6,932.61K,0.34%
12/25/2019,35177.0,34321.0,35215.9,34321.0,736.32K,0.67%
12/26/2019,34398.8,35060.3,35293.8,34398.8,661.35K,-2.21%
12/27/2019,35955.3,34398.8,35955.3,34243.1,1.38M,4.52%
12/30/2019,35877.5,36033.1,36694.6,35799.6,1.10M,-0.22%
12/31/2019,35916.4,35955.3,36188.8,35721.8,792.87K,0.11%
01/02/2020,36500.1,35799.6,36733.5,35721.8,1.10M,1.63%
01/03/2020,36344.4,36850.3,36967.0,36344.4,759.58K,-0.43%
01/06/2020,35644.0,36344.4,36344.4,35644.0,999.23K,-1.93%
01/07/2020,36344.4,35644.0,36344.4,35177.0,662.67K,1.96%
01/08/2020,36655.7,35799.6,37278.3,35644.0,1.55M,0.86%
01/09/2020,38640.3,37161.6,38834.8,37044.8,1.98M,5.41%
01/10/2020,39924.4,38640.3,40469.2,38601.3,1.89M,3.32%
01/13/2020,38990.5,38834.8,40080.0,38523.5,685.12K,-2.34%
01/14/2020,38990.5,38990.5,40080.0,38834.8,946.04K,0.00%
01/15/2020,39690.9,38834.8,39924.4,38834.8,874.47K,1.80%
01/16/2020,42025.7,39690.9,42103.5,39690.9,1.26M,5.88%
01/17/2020,41636.5,42103.5,42492.6,41325.2,809.32K,-0.93%
01/20/2020,41480.9,41636.5,42181.3,41403.1,957.93K,-0.37%
01/21/2020,42025.7,41480.9,42414.8,41480.9,766.69K,1.31%
01/22/2020,43193.0,42025.7,43426.5,41870.0,982.75K,2.78%
01/30/2020,41013.9,42414.8,42726.1,40469.2,1.75M,-5.05%
01/31/2020,40080.0,40702.6,41714.4,40080.0,1.45M,-2.28%
02/03/2020,41636.5,38757.0,42803.9,37278.3,1.97M,3.88%
02/04/2020,42337.0,42337.0,42570.4,41714.4,1.77M,1.68%
02/05/2020,41636.5,42726.1,42959.6,41636.5,903.92K,-1.65%
02/06/2020,41403.1,41558.7,42103.5,41247.4,1.85M,-0.56%
02/07/2020,40235.7,41013.9,41480.9,40157.9,1.89M,-2.82%
02/10/2020,38212.2,39613.1,39846.5,38212.2,1.40M,-5.03%
02/11/2020,39535.2,38212.2,40002.2,38212.2,1.15M,3.46%
02/12/2020,39535.2,40080.0,40313.5,39457.4,886.11K,0.00%
02/13/2020,39223.9,39457.4,39690.9,38834.8,727.98K,-0.79%
02/14/2020,38912.6,38990.5,39379.6,38912.6,788.63K,-0.79%
02/17/2020,40080.0,39068.3,40080.0,38990.5,1.09M,3.00%
02/18/2020,40469.2,40391.3,40936.1,40080.0,1.11M,0.97%
02/19/2020,39924.4,40469.2,40547.0,39846.5,468.18K,-1.35%
02/20/2020,39924.4,40391.3,40469.2,39846.5,695.27K,0.00%
02/21/2020,38523.5,39924.4,39924.4,37939.8,3.29M,-3.51%
02/24/2020,36033.1,37511.8,37978.7,36033.1,1.36M,-6.46%
02/25/2020,37978.7,35021.4,37978.7,35021.4,1.11M,5.40%
02/26/2020,36577.9,37044.8,37589.6,36461.1,787.76K,-3.69%
02/27/2020,36655.7,36577.9,37122.7,36149.8,908.91K,0.21%
02/28/2020,35410.5,35799.6,36110.9,35060.3,1.22M,-3.40%
03/02/2020,35138.1,35721.8,35721.8,35021.4,714.74K,-0.77%
03/03/2020,36500.1,36422.2,37161.6,35566.2,1.28M,3.88%
03/04/2020,35916.4,36577.9,36577.9,35721.8,828.01K,-1.60%
03/05/2020,36305.5,36227.7,36772.5,36188.8,1.10M,1.08%
03/06/2020,36461.1,35410.5,36694.6,35410.5,699.27K,0.43%
03/09/2020,33931.8,34009.7,34787.9,33931.8,1.19M,-6.94%
03/10/2020,32997.9,33075.7,34243.1,32141.8,1.72M,-2.75%
03/11/2020,30702.1,33854.0,33854.0,30702.1,1.91M,-6.96%
03/12/2020,28561.9,28600.8,29340.1,28561.9,1.93M,-6.97%
03/13/2020,27238.9,26577.3,28561.9,26577.3,2.93M,-4.63%
03/16/2020,25526.7,27238.9,27978.2,25332.1,2.76M,-6.29%
03/17/2020,26304.9,23814.5,26382.8,23814.5,2.23M,3.05%
03/18/2020,26888.6,26460.6,27628.0,26421.7,2.19M,2.22%
03/19/2020,25993.6,26421.7,26616.2,25487.8,1.14M,-3.33%
03/20/2020,25760.2,26149.3,26499.5,25604.5,970.09K,-0.90%
03/23/2020,23970.2,24125.8,24826.3,23970.2,3.43M,-6.95%
03/24/2020,24592.8,24125.8,24865.2,23892.4,1.54M,2.60%
03/25/2020,25838.0,25993.6,26032.6,25526.7,2.03M,5.06%
03/26/2020,25915.8,25682.3,26616.2,25020.8,1.44M,0.30%
03/27/2020,25682.3,25760.2,26266.0,25215.4,1.42M,-0.90%
03/30/2020,24048.0,24125.8,24826.3,23892.4,1.72M,-6.36%
03/31/2020,24009.1,24904.1,25020.8,22958.5,1.28M,-0.16%
04/01/2020,24981.9,24048.0,25682.3,23970.2,1.50M,4.05%
04/03/2020,26694.1,25371.0,26694.1,25371.0,1.95M,6.85%
04/06/2020,28561.9,27783.6,28561.9,27316.7,2.37M,7.00%
04/07/2020,28795.4,29184.5,29340.1,28017.1,2.26M,0.82%
04/08/2020,29534.7,27861.5,29573.6,27316.7,1.83M,2.57%
04/09/2020,29340.1,29534.7,30040.6,29301.2,1.70M,-0.66%
04/10/2020,28717.5,29028.8,29418.0,28561.9,1.51M,-2.12%
04/13/2020,28912.1,28561.9,29340.1,28484.1,1.33M,0.68%
04/14/2020,28406.2,28834.3,29223.4,27861.5,1.53M,-1.75%
04/15/2020,29028.8,28561.9,29340.1,28561.9,1.39M,2.19%
04/16/2020,29028.8,28951.0,29028.8,28600.8,1.52M,0.00%
04/17/2020,29106.7,29456.9,29729.3,28951.0,1.45M,0.27%
04/20/2020,28873.2,29495.8,29573.6,28756.4,1.73M,-0.80%
04/21/2020,27005.4,28017.1,28639.7,27005.4,2.82M,-6.47%
04/22/2020,28172.8,25760.2,28834.3,25760.2,1.78M,4.32%
04/23/2020,28172.8,28795.4,28951.0,28094.9,993.50K,0.00%
04/24/2020,28017.1,28367.3,28367.3,27472.3,745.70K,-0.55%
04/27/2020,27316.7,28172.8,28328.4,27316.7,1.52M,-2.50%
04/28/2020,27355.6,27316.7,27861.5,26849.7,741.40K,0.14%
04/29/2020,27705.8,27238.9,27939.3,27238.9,748.95K,1.28%
05/04/2020,27472.3,27705.8,28328.4,27316.7,824.59K,-0.84%
05/05/2020,27472.3,27472.3,27861.5,27394.5,537.86K,0.00%
05/06/2020,28017.1,27589.1,28017.1,27472.3,929.84K,1.98%
05/07/2020,29223.4,28250.6,29262.3,28250.6,3.18M,4.31%
05/08/2020,29573.6,29534.7,30585.3,29223.4,3.22M,1.20%
05/11/2020,29962.7,29962.7,30351.9,29534.7,1.52M,1.32%
05/12/2020,30001.6,29807.1,30079.5,29534.7,2.07M,0.13%
05/13/2020,30818.8,29807.1,30974.5,29418.0,3.43M,2.72%
05/14/2020,30896.6,30351.9,31519.2,30351.9,2.51M,0.25%
05/15/2020,30040.6,30974.5,31207.9,29884.9,2.40M,-2.77%
05/18/2020,30274.0,29923.8,30274.0,29573.6,2.34M,0.78%
05/19/2020,30429.7,31052.3,31052.3,30274.0,2.12M,0.51%
05/20/2020,30468.6,30351.9,30585.3,29962.7,1.13M,0.13%
05/21/2020,30896.6,30741.0,31246.9,30702.1,3.11M,1.40%
05/22/2020,30585.3,30896.6,31130.1,30585.3,1.43M,-1.01%
05/25/2020,30857.7,30585.3,30974.5,30351.9,1.12M,0.89%
05/26/2020,32686.6,30935.6,32686.6,30935.6,3.72M,5.93%
05/27/2020,30974.5,33270.3,33270.3,30974.5,2.88M,-5.24%
05/28/2020,31674.9,31130.1,31869.5,30974.5,2.41M,2.26%
05/29/2020,31207.9,31441.4,31519.2,30974.5,2.10M,-1.47%
06/01/2020,32258.6,31363.6,32336.4,31324.7,1.39M,3.37%
06/02/2020,31558.2,32297.5,32608.8,31519.2,1.88M,-2.17%
06/03/2020,31908.4,31830.5,32064.0,31519.2,1.13M,1.11%
06/04/2020,32531.0,32064.0,32920.1,31986.2,2.53M,1.95%
06/05/2020,32764.4,32531.0,32842.3,32102.9,1.53M,0.72%
06/08/2020,34243.1,33231.4,34243.1,33075.7,3.13M,4.51%
06/09/2020,33737.3,34321.0,34321.0,33698.4,1.41M,-1.48%
06/10/2020,33854.0,33542.7,34321.0,33075.7,1.63M,0.35%
06/11/2020,31519.2,33854.0,34009.7,31519.2,3.00M,-6.90%
06/12/2020,33075.7,30741.0,33075.7,30741.0,2.41M,4.94%
06/15/2020,31052.3,32920.1,32920.1,31052.3,1.89M,-6.12%
06/16/2020,31674.9,32297.5,32375.3,31519.2,1.21M,2.01%
06/17/2020,31363.6,31674.9,31986.2,31013.4,1.03M,-0.98%
06/18/2020,31519.2,31363.6,31597.1,31130.1,791.70K,0.50%
06/19/2020,32258.6,32064.0,32258.6,31674.9,906.10K,2.35%
06/22/2020,32141.8,32297.5,32569.9,31752.7,783.40K,-0.36%
06/23/2020,31674.9,31947.3,32180.8,31519.2,1.40M,-1.45%
06/24/2020,31363.6,31674.9,32064.0,31285.8,870.40K,-0.98%
06/25/2020,31130.1,31130.1,31324.7,30974.5,995.90K,-0.74%
06/26/2020,31052.3,31830.5,31830.5,30896.6,902.20K,-0.25%
06/29/2020,29962.7,30585.3,30741.0,29884.9,1.68M,-3.51%
06/30/2020,29495.8,30351.9,30390.8,29418.0,1.08M,-1.56%
07/01/2020,30507.5,29495.8,30663.2,29495.8,967.60K,3.43%
07/02/2020,30351.9,30702.1,30702.1,30118.4,630.70K,-0.51%
07/03/2020,30429.7,30546.4,30585.3,30196.2,688.40K,0.26%
07/06/2020,31207.9,30663.2,31285.8,30429.7,952.90K,2.56%
07/07/2020,31597.1,31441.4,31791.6,31324.7,1.38M,1.25%
07/08/2020,31558.2,31519.2,31674.9,31130.1,966.70K,-0.12%
07/09/2020,32375.3,31558.2,32608.8,31558.2,1.93M,2.59%
07/10/2020,32297.5,32064.0,32414.2,31713.8,1.30M,-0.24%
07/13/2020,32141.8,32414.2,32569.9,31908.4,1.31M,-0.48%
07/14/2020,32102.9,31791.6,32141.8,31674.9,1.25M,-0.12%
07/15/2020,32180.8,32453.1,32453.1,32141.8,868.40K,0.24%
07/16/2020,32180.8,32180.8,32219.7,31908.4,595.30K,0.00%
07/17/2020,32375.3,32219.7,32569.9,32219.7,1.69M,0.60%
07/20/2020,31752.7,32453.1,32492.1,31752.7,1.05M,-1.92%
07/21/2020,31752.7,31908.4,31908.4,31402.5,471.10K,0.00%
07/22/2020,31130.1,31908.4,31908.4,30741.0,944.00K,-1.96%
07/23/2020,31013.4,31130.1,31480.3,30857.7,961.30K,-0.37%
07/24/2020,29729.3,31013.4,31013.4,29379.0,2.27M,-4.14%
07/27/2020,27666.9,28017.1,29418.0,27666.9,1.94M,-6.94%
07/28/2020,29456.9,28017.1,29456.9,28017.1,1.50M,6.47%
07/29/2020,28756.4,28639.7,28951.0,27861.5,912.70K,-2.38%
07/30/2020,28951.0,29184.5,29184.5,28017.1,528.10K,0.68%
07/31/2020,28523.0,28017.1,28989.9,28017.1,603.60K,-1.48%
08/03/2020,28951.0,28250.6,29067.7,28250.6,813.30K,1.50%
08/04/2020,29495.8,29573.6,29573.6,29184.5,621.30K,1.88%
08/05/2020,30157.3,29418.0,30351.9,29262.3,1.15M,2.24%
08/06/2020,29768.2,30079.5,30274.0,29729.3,751.20K,-1.29%
08/07/2020,29651.4,29768.2,30040.6,29534.7,669.20K,-0.39%
08/10/2020,29651.4,29923.8,30118.4,29651.4,672.60K,0.00%
08/11/2020,29962.7,29846.0,30040.6,29651.4,982.00K,1.05%
08/12/2020,30507.5,30040.6,30624.3,30040.6,1.21M,1.82%
08/13/2020,30857.7,30741.0,30896.6,30585.3,847.00K,1.15%
08/14/2020,30351.9,30624.3,30818.8,30196.2,1.24M,-1.64%
08/17/2020,30118.4,30274.0,30351.9,29923.8,793.60K,-0.77%
08/18/2020,29884.9,30351.9,30351.9,29884.9,834.20K,-0.78%
08/19/2020,30040.6,29884.9,30235.1,29884.9,435.60K,0.52%
08/20/2020,29768.2,30040.6,30235.1,29768.2,1.08M,-0.91%
08/21/2020,30313.0,29884.9,30546.4,29884.9,1.38M,1.83%
08/24/2020,30857.7,30741.0,31052.3,30507.5,1.18M,1.80%
08/25/2020,30741.0,31052.3,31130.1,30663.2,1.12M,-0.38%
08/26/2020,30624.3,30741.0,30741.0,30585.3,1.05M,-0.38%
08/27/2020,30429.7,30585.3,30663.2,30351.9,1.38M,-0.64%
08/28/2020,31558.2,30741.0,31908.4,30585.3,3.81M,3.71%
08/31/2020,31869.5,31597.1,32141.8,31558.2,2.52M,0.99%
09/01/2020,32219.7,31519.2,32219.7,31441.4,2.67M,1.10%
09/03/2020,32842.3,32297.5,32842.3,32064.0,3.35M,1.93%
09/04/2020,32764.4,32141.8,32920.1,32102.9,2.52M,-0.24%
09/07/2020,31597.1,32842.3,32842.3,31597.1,2.83M,-3.56%
09/08/2020,31791.6,31752.7,31908.4,31169.0,1.59M,0.62%
09/09/2020,31752.7,31285.8,31869.5,31207.9,1.01M,-0.12%
09/10/2020,31519.2,31986.2,32025.1,31519.2,1.07M,-0.74%
09/11/2020,31480.3,31519.2,31636.0,31324.7,972.50K,-0.12%
09/14/2020,31519.2,31558.2,31752.7,31480.3,1.17M,0.12%
09/15/2020,31713.8,31674.9,32064.0,31441.4,1.40M,0.62%
09/16/2020,31558.2,31830.5,31830.5,31480.3,687.10K,-0.49%
09/17/2020,31519.2,31674.9,31986.2,31363.6,1.91M,-0.12%
09/18/2020,31908.4,31597.1,31908.4,31519.2,1.76M,1.23%
09/21/2020,31752.7,32064.0,32297.5,31674.9,1.27M,-0.49%
09/22/2020,31674.9,31674.9,31830.5,31480.3,1.46M,-0.25%
09/23/2020,32219.7,31752.7,32608.8,31752.7,2.65M,1.72%
09/24/2020,31830.5,32064.0,32336.4,31752.7,1.92M,-1.21%
09/25/2020,31752.7,31908.4,31986.2,31558.2,1.68M,-0.24%
09/28/2020,32141.8,31947.3,32453.1,31752.7,2.46M,1.23%
09/29/2020,31636.0,32297.5,32647.7,31597.1,2.54M,-1.57%
09/30/2020,31752.7,31674.9,31830.5,31519.2,1.17M,0.37%
10/01/2020,31869.5,31752.7,32025.1,31752.7,1.46M,0.37%
10/02/2020,31636.0,31908.4,32258.6,29962.7,2.21M,-0.73%
10/05/2020,31441.4,31908.4,31908.4,31285.8,1.97M,-0.62%
10/06/2020,31480.3,31558.2,31752.7,31363.6,1.90M,0.12%
10/07/2020,31480.3,31441.4,31830.5,31363.6,1.48M,0.00%
10/08/2020,31441.4,31597.1,31636.0,30974.5,2.38M,-0.12%
10/09/2020,31402.5,31363.6,31519.2,31207.9,1.07M,-0.12%
10/12/2020,31869.5,32375.3,32647.7,31674.9,4.44M,1.49%
10/13/2020,32102.9,31908.4,32569.9,31597.1,2.49M,0.73%
10/14/2020,33387.1,32531.0,33426.0,32297.5,8.58M,4.00%
10/15/2020,32881.2,33815.1,33815.1,32842.3,3.72M,-1.52%
10/16/2020,32842.3,32881.2,33620.5,32531.0,3.03M,-0.12%
10/19/2020,32608.8,33036.8,33036.8,32453.1,3.38M,-0.71%
10/20/2020,32686.6,32297.5,33075.7,32297.5,2.42M,0.24%
10/21/2020,32959.0,32997.9,33854.0,32803.4,3.80M,0.83%
10/22/2020,33426.0,32920.1,33426.0,32608.8,2.18M,1.42%
10/23/2020,33309.2,33776.2,33776.2,33309.2,2.44M,-0.35%
10/26/2020,31908.4,33075.7,33464.9,31908.4,4.25M,-4.21%
10/27/2020,31674.9,31908.4,32297.5,31674.9,3.32M,-0.73%
10/28/2020,30585.3,31519.2,31674.9,30585.3,3.65M,-3.44%
10/29/2020,30079.5,30196.2,30741.0,29923.8,3.55M,-1.65%
10/30/2020,29962.7,30351.9,30507.5,29690.3,2.11M,-0.39%
11/02/2020,30274.0,29962.7,30429.7,29962.7,1.36M,1.04%
11/03/2020,30663.2,30351.9,30741.0,30351.9,1.30M,1.29%
11/04/2020,30935.6,30663.2,31207.9,30624.3,1.36M,0.89%
11/05/2020,30390.8,30935.6,30935.6,30390.8,1.61M,-1.76%
11/06/2020,30390.8,30702.1,30702.1,30235.1,813.30K,0.00%
11/09/2020,30546.4,30702.1,30702.1,30429.7,1.49M,0.51%
11/10/2020,30663.2,31013.4,31130.1,30663.2,1.71M,0.38%
11/11/2020,30663.2,30663.2,30857.7,30468.6,910.40K,0.00%
11/12/2020,30818.8,30741.0,30974.5,30663.2,1.42M,0.51%
11/13/2020,31363.6,30896.6,31363.6,30857.7,2.31M,1.77%
11/16/2020,31052.3,31402.5,31752.7,31052.3,2.44M,-0.99%
11/17/2020,31363.6,31130.1,31363.6,30935.6,1.83M,1.00%
11/18/2020,31169.0,31363.6,31402.5,31130.1,1.98M,-0.62%
11/19/2020,31441.4,31207.9,31752.7,31207.9,2.25M,0.87%
11/20/2020,32064.0,31674.9,32102.9,31674.9,3.17M,1.98%
11/23/2020,31986.2,32297.5,32297.5,31558.2,1.65M,-0.24%
11/24/2020,31674.9,31947.3,31986.2,31441.4,2.46M,-0.97%
11/25/2020,32141.8,31908.4,32258.6,31558.2,3.49M,1.47%
11/26/2020,33153.6,32141.8,33153.6,31908.4,5.48M,3.15%
11/27/2020,33036.8,33309.2,33348.1,32725.5,2.92M,-0.35%
11/30/2020,32453.1,33036.8,33075.7,32453.1,2.15M,-1.77%
12/01/2020,32453.1,31908.4,32531.0,31752.7,3.66M,0.00%
12/02/2020,32297.5,32492.1,32686.6,32219.7,2.31M,-0.48%
12/03/2020,32375.3,32336.4,32608.8,32219.7,2.31M,0.24%
12/04/2020,32414.2,32375.3,32920.1,32297.5,3.22M,0.12%
12/07/2020,33464.9,32686.6,33620.5,32569.9,5.18M,3.24%
12/08/2020,33231.4,33698.4,33698.4,33036.8,2.71M,-0.70%
12/09/2020,34087.5,33387.1,34243.1,33270.3,4.63M,2.58%
12/10/2020,34204.2,34087.5,34865.7,34009.7,4.82M,0.34%
12/11/2020,35644.0,34165.3,35644.0,33931.8,5.74M,4.21%
12/14/2020,36188.8,35916.4,36227.7,35682.9,3.69M,1.53%
12/15/2020,35877.5,35916.4,36577.9,35682.9,4.30M,-0.86%
12/16/2020,36889.2,35877.5,36928.1,35877.5,3.89M,2.82%
12/17/2020,36110.9,36422.2,37044.8,36110.9,4.90M,-2.11%
12/18/2020,36577.9,36344.4,36967.0,36110.9,3.06M,1.29%
12/21/2020,36928.1,37356.1,37356.1,36188.8,3.11M,0.96%
12/22/2020,36461.1,36928.1,36928.1,36266.6,3.44M,-1.26%
12/23/2020,36266.6,36577.9,36967.0,36110.9,2.65M,-0.53%
12/24/2020,35410.5,36266.6,36422.2,34165.3,3.94M,-2.36%
12/25/2020,36266.6,35410.5,36344.4,35021.4,1.97M,2.42%
12/28/2020,36928.1,36539.0,37356.1,36422.2,3.97M,1.82%
12/29/2020,37628.5,36811.4,37862.0,36811.4,3.81M,1.90%
12/30/2020,37395.1,37667.4,37978.7,37356.1,1.81M,-0.62%
12/31/2020,37909.5,37395.0,37909.5,37197.2,1.69M,1.38%
01/04/2021,38186.5,37790.8,38344.8,37790.8,2.51M,0.73%
01/05/2021,37909.5,37909.5,38067.8,37711.6,2.71M,-0.73%
01/06/2021,38621.8,38226.0,40046.3,37632.5,4.62M,1.88%
01/07/2021,38700.9,38621.8,39492.3,38384.3,2.11M,0.20%
01/08/2021,38384.3,39017.5,39017.5,38146.9,2.56M,-0.82%
01/11/2021,38186.5,38384.3,38463.5,37909.5,3.47M,-0.52%
01/12/2021,38582.2,38186.5,38780.0,37909.5,2.75M,1.04%
01/13/2021,38344.8,38621.8,38938.3,38305.2,2.08M,-0.62%
01/14/2021,38661.3,38384.3,38780.0,37988.6,2.40M,0.83%
01/15/2021,38661.3,39017.5,39175.8,38661.3,3.02M,0.00%
01/18/2021,38503.0,38700.9,38780.0,38463.5,2.12M,-0.41%
01/19/2021,35812.2,38463.5,38463.5,35812.2,3.40M,-6.99%
01/20/2021,36010.0,35812.2,36801.5,33635.8,2.90M,0.55%
01/21/2021,36801.5,36089.2,36801.5,35772.6,1.69M,2.20%
01/22/2021,35812.2,36801.5,36841.0,35693.5,2.78M,-2.69%
01/25/2021,35297.8,35614.3,35772.6,35139.5,1.73M,-1.44%
01/26/2021,33675.3,35099.9,35099.9,33081.7,2.31M,-4.60%
01/27/2021,32686.0,33675.3,34348.0,32132.0,2.64M,-2.94%
01/28/2021,30430.5,30865.7,31657.2,30430.5,3.39M,-6.90%
01/29/2021,31578.0,28887.2,32329.9,28887.2,2.53M,3.77%
02/01/2021,30944.9,31578.0,32448.6,30588.7,1.94M,-2.00%
02/02/2021,31142.7,30786.6,31617.6,30509.6,3.14M,0.64%
02/03/2021,32725.6,31736.3,32844.3,31419.7,2.33M,5.08%
02/04/2021,32844.3,32765.2,32923.5,32369.5,1.73M,0.36%
02/05/2021,33081.7,32844.3,33319.2,32686.0,1.61M,0.72%
02/08/2021,31736.3,33081.7,33240.0,30905.3,2.36M,-4.07%
02/09/2021,32290.3,32052.9,32606.9,31419.7,1.82M,1.75%
02/17/2021,33319.2,32329.9,33319.2,32329.9,1.81M,3.19%
02/18/2021,34348.0,33398.3,34427.2,33002.6,2.94M,3.09%
02/19/2021,34902.0,34031.5,35218.6,33912.8,2.55M,1.61%
02/22/2021,34625.0,34902.0,35218.6,34585.5,1.92M,-0.79%
02/23/2021,34822.9,34625.0,34902.0,34189.8,1.93M,0.57%
02/24/2021,34071.0,34743.8,34981.2,33714.9,2.06M,-2.16%
02/25/2021,33991.9,34150.2,34664.6,33398.3,2.18M,-0.23%
02/26/2021,34506.3,33873.2,34585.5,33477.5,1.74M,1.51%
03/01/2021,34902.0,34506.3,35139.5,34506.3,2.83M,1.15%
03/02/2021,34862.5,35218.6,35297.8,34704.2,2.67M,-0.11%
03/03/2021,34664.6,34862.5,34981.2,34585.5,1.99M,-0.57%
03/04/2021,33833.6,34822.9,35020.8,33477.5,2.63M,-2.40%
03/05/2021,33556.6,33833.6,34268.9,33240.0,2.34M,-0.82%
03/08/2021,33596.2,34348.0,34348.0,33477.5,2.01M,0.12%
03/09/2021,33121.3,33556.6,33556.6,32844.3,3.06M,-1.41%
03/10/2021,33240.0,33240.0,33398.3,32765.2,2.59M,0.36%
03/11/2021,34268.9,33794.0,34506.3,33675.3,2.10M,3.10%
03/12/2021,34308.5,34427.2,34585.5,34110.6,3.19M,0.12%
03/15/2021,34031.5,34427.2,34506.3,33873.2,3.50M,-0.81%
03/16/2021,33556.6,34031.5,34189.8,33477.5,2.80M,-1.40%
03/17/2021,34268.9,33635.8,34348.0,33200.5,5.47M,2.12%
03/18/2021,35614.3,34822.9,35851.8,34466.8,7.13M,3.93%
03/19/2021,35614.3,35614.3,35930.9,35376.9,3.63M,0.00%
03/22/2021,35337.3,35614.3,35614.3,35218.6,3.22M,-0.78%
03/23/2021,34585.5,35218.6,35258.2,34110.6,5.72M,-2.13%
03/24/2021,33358.8,34031.5,34268.9,33160.9,4.20M,-3.55%
03/25/2021,33437.9,33635.8,33991.9,33200.5,2.98M,0.24%
03/26/2021,33319.2,33200.5,33556.6,32052.9,3.08M,-0.35%
03/29/2021,33675.3,33635.8,33754.5,33358.8,1.70M,1.07%
03/30/2021,33912.8,34031.5,34071.0,33477.5,2.90M,0.71%
03/31/2021,33991.9,33991.9,34387.6,33873.2,2.73M,0.23%
04/01/2021,34783.3,34031.5,34822.9,34031.5,4.66M,2.33%
04/02/2021,35614.3,35139.5,36010.0,34862.5,7.29M,2.39%
04/05/2021,36049.6,36168.3,36326.6,35693.5,7.51M,1.22%
04/06/2021,36207.9,35930.9,36603.6,35653.9,5.17M,0.44%
04/07/2021,36049.6,36168.3,36207.9,35891.3,3.28M,-0.44%
04/08/2021,35456.0,36168.3,36247.5,35376.9,5.55M,-1.65%
04/09/2021,35060.3,35376.9,35456.0,34862.5,5.65M,-1.12%
04/12/2021,35416.5,35218.6,35851.8,34902.0,6.48M,1.02%
04/13/2021,34545.9,35614.3,35693.5,34427.2,4.97M,-2.46%
04/14/2021,34822.9,34427.2,35060.3,34031.5,3.57M,0.80%
04/15/2021,34071.0,34902.0,34981.2,34031.5,4.66M,-2.16%
04/16/2021,33240.0,33912.8,34427.2,33121.3,5.87M,-2.44%
04/19/2021,34031.5,33240.0,34110.6,33081.7,4.02M,2.38%
04/20/2021,34189.8,34110.6,34822.9,33991.9,3.37M,0.47%
04/22/2021,32448.6,34189.8,34189.8,32448.6,3.68M,-5.09%
04/23/2021,33240.0,32448.6,33358.8,32329.9,3.87M,2.44%
04/26/2021,32052.9,33042.2,33240.0,32052.9,4.19M,-3.57%
04/27/2021,31934.2,32052.9,32290.3,31815.5,2.49M,-0.37%
04/28/2021,32132.0,31934.2,32369.5,31934.2,1.73M,0.62%
04/29/2021,32448.6,32132.0,33160.9,32132.0,2.45M,0.99%
05/04/2021,32686.0,31657.2,33081.7,31657.2,2.73M,0.73%
05/05/2021,33160.9,33002.6,33517.0,32844.3,3.39M,1.45%
05/06/2021,32646.5,33160.9,33160.9,32606.9,2.82M,-1.55%
05/07/2021,32171.6,32132.0,32606.9,32052.9,4.66M,-1.45%
05/10/2021,32765.2,32052.9,32844.3,31934.2,3.81M,1.85%
05/11/2021,33319.2,33240.0,34427.2,33081.7,6.73M,1.69%
05/12/2021,33754.5,33240.0,33794.0,33081.7,4.19M,1.31%
05/13/2021,33714.9,33635.8,34348.0,33240.0,4.38M,-0.12%
05/14/2021,33517.0,33873.2,34031.5,33477.5,3.43M,-0.59%
05/17/2021,33081.7,33635.8,34031.5,33002.6,3.76M,-1.30%
05/18/2021,32369.5,33002.6,33002.6,32290.3,4.91M,-2.15%
05/19/2021,32369.5,32448.6,32765.2,32132.0,3.61M,0.00%
05/20/2021,33121.3,32369.5,33160.9,31657.2,4.40M,2.32%
05/21/2021,35416.5,33240.0,35416.5,33121.3,16.38M,6.93%
05/24/2021,36405.8,36010.0,36722.3,36010.0,8.80M,2.79%
05/25/2021,36959.8,36405.8,37078.5,35970.5,7.96M,1.52%
05/26/2021,36920.2,36959.8,37276.3,36564.0,9.27M,-0.11%
05/27/2021,35930.9,37038.9,37038.9,35653.9,7.37M,-2.68%
05/28/2021,37315.9,36089.2,37751.2,35535.2,9.88M,3.85%
05/31/2021,38542.6,37830.3,38621.8,37592.9,7.04M,3.29%
06/01/2021,37988.6,38661.3,38780.0,37988.6,5.15M,-1.44%
06/02/2021,37513.8,37434.6,37949.0,37355.5,7.60M,-1.25%
06/03/2021,38621.8,37830.3,39175.8,37513.8,8.45M,2.95%
06/04/2021,38780.0,38542.6,39175.8,37988.6,7.47M,0.41%
06/07/2021,37038.9,38384.3,38463.5,36089.2,6.63M,-4.49%
06/08/2021,35456.0,37118.0,37355.5,35376.9,7.15M,-4.27%
06/09/2021,35970.5,35614.3,36168.3,34822.9,5.60M,1.45%
06/10/2021,34743.8,35970.5,36089.2,34743.8,5.61M,-3.41%
06/11/2021,35772.6,34822.9,35812.2,34427.2,8.04M,2.96%
06/14/2021,35535.2,36010.0,36089.2,35337.3,4.27M,-0.66%
06/15/2021,35535.2,35416.5,35733.0,34822.9,4.10M,0.00%
06/16/2021,35851.8,35376.9,36959.8,34981.2,5.30M,0.89%
06/17/2021,36326.6,35297.8,36682.8,35297.8,4.50M,1.32%
06/18/2021,36524.5,36603.6,36801.5,36168.3,4.02M,0.54%
06/21/2021,35614.3,36326.6,36405.8,35495.6,5.33M,-2.49%
06/22/2021,35614.3,35851.8,35970.5,35535.2,3.50M,0.00%
06/23/2021,35930.9,35535.2,36722.3,35535.2,3.24M,0.89%
06/24/2021,35772.6,35930.9,36326.6,35614.3,2.65M,-0.44%
06/25/2021,36049.6,35693.5,36405.8,35376.9,3.24M,0.77%
06/28/2021,37118.0,36405.8,37276.3,36128.8,8.41M,2.96%
06/29/2021,37118.0,37197.2,37909.5,36880.6,4.96M,0.00%
06/30/2021,37395.0,37118.0,37553.3,37078.5,5.03M,0.75%
07/01/2021,37434.6,37592.9,37711.6,37078.5,5.79M,0.11%
07/02/2021,37236.8,37592.9,37790.8,37118.0,5.29M,-0.53%
07/05/2021,36920.2,37236.8,37236.8,35772.6,4.39M,-0.85%
07/06/2021,34822.9,37118.0,38463.5,34822.9,8.67M,-5.68%
07/07/2021,36010.0,35218.6,36128.8,34506.3,4.96M,3.41%
07/08/2021,36247.5,36010.0,36524.5,35574.8,2.68M,0.66%
07/09/2021,35535.2,35772.6,36405.8,34822.9,4.51M,-1.97%
07/12/2021,33240.0,35297.8,35297.8,33081.7,7.57M,-6.46%
07/13/2021,33556.6,33635.8,33833.6,32883.9,2.49M,0.95%
07/14/2021,33714.9,33635.8,33794.0,32448.6,2.25M,0.47%
07/15/2021,33794.0,33279.6,34150.2,33240.0,2.26M,0.23%
07/16/2021,33635.8,33873.2,34031.5,33635.8,1.78M,-0.47%
07/19/2021,31380.2,32527.7,33160.9,31380.2,3.72M,-6.71%
07/20/2021,32448.6,31419.7,32448.6,30786.6,3.41M,3.40%
07/21/2021,32211.2,32765.2,32765.2,32052.9,1.46M,-0.73%
07/22/2021,32448.6,32132.0,32527.7,32132.0,2.14M,0.74%
07/23/2021,31815.5,32369.5,32844.3,31815.5,2.29M,-1.95%
07/26/2021,31657.2,31657.2,31934.2,31261.5,1.81M,-0.50%
07/27/2021,31815.5,31973.7,32290.3,31775.9,1.80M,0.50%
07/28/2021,32052.9,31815.5,32052.9,31657.2,1.55M,0.75%
07/29/2021,32448.6,32290.3,32448.6,32132.0,1.48M,1.23%
07/30/2021,32527.7,32686.0,32725.6,32409.0,2.56M,0.24%
08/02/2021,33675.3,33240.0,33991.9,33240.0,4.98M,3.53%
08/03/2021,34308.5,33477.5,34308.5,33319.2,3.48M,1.88%
08/04/2021,34031.5,34348.0,34427.2,33794.0,2.69M,-0.81%
08/05/2021,33991.9,33714.9,34427.2,33477.5,2.66M,-0.12%
08/06/2021,33952.3,33991.9,34348.0,33714.9,2.35M,-0.12%
08/09/2021,34150.2,33675.3,34150.2,33517.0,2.19M,0.58%
08/10/2021,34268.9,34229.3,34427.2,34071.0,2.35M,0.35%
08/11/2021,34110.6,34268.9,34902.0,33952.3,3.45M,-0.46%
08/12/2021,33873.2,34308.5,34348.0,33873.2,2.15M,-0.70%
08/13/2021,33675.3,33754.5,34031.5,33081.7,2.90M,-0.58%
08/16/2021,34268.9,33517.0,34427.2,33240.0,4.13M,1.76%
08/17/2021,33991.9,34506.3,34506.3,33873.2,1.97M,-0.81%
08/18/2021,33754.5,33952.3,34031.5,33635.8,1.90M,-0.70%
08/19/2021,33635.8,33714.9,33714.9,33358.8,2.27M,-0.35%
08/20/2021,32052.9,33714.9,33952.3,31657.2,5.49M,-4.71%
08/23/2021,31103.2,32052.9,32290.3,31103.2,3.45M,-2.96%
08/24/2021,31182.3,31103.2,31419.7,30786.6,3.20M,0.25%
08/25/2021,31221.9,31261.5,31301.0,30865.7,1.39M,0.13%
08/26/2021,30549.2,31380.2,31380.2,30074.3,2.57M,-2.15%
08/27/2021,30628.3,30470.0,30865.7,29916.0,2.40M,0.26%
08/30/2021,31221.9,30865.7,31261.5,30707.5,1.77M,1.94%
08/31/2021,30826.2,31340.6,31340.6,30826.2,2.28M,-1.27%
09/01/2021,30865.7,30707.5,30944.9,30588.7,1.71M,0.13%
09/06/2021,30944.9,30905.3,31261.5,30826.2,1.72M,0.26%
09/07/2021,31419.7,31103.2,31815.5,30984.5,2.15M,1.53%
09/08/2021,31340.6,31815.5,31973.7,31261.5,1.79M,-0.25%
09/09/2021,31498.9,31340.6,31498.9,31301.0,1.06M,0.51%
09/10/2021,31380.2,31657.2,31657.2,31340.6,998.40K,-0.38%
09/13/2021,30984.5,31380.2,31380.2,30865.7,2.18M,-1.26%
09/14/2021,30628.3,30944.9,30984.5,30549.2,1.78M,-1.15%
09/15/2021,30707.5,30549.2,30865.7,30549.2,1.33M,0.26%
09/16/2021,31182.3,30944.9,31261.5,30905.3,1.84M,1.55%
09/17/2021,31657.2,31340.6,32013.3,31340.6,2.24M,1.52%
09/20/2021,31578.0,31696.7,31894.6,31578.0,2.46M,-0.25%
09/21/2021,31380.2,31261.5,31498.9,31024.0,1.92M,-0.63%
09/22/2021,31340.6,31340.6,31578.0,30944.9,1.59M,-0.13%
09/23/2021,31221.9,31498.9,31578.0,31221.9,1.36M,-0.38%
09/24/2021,31419.7,31261.5,31498.9,31221.9,1.21M,0.63%
09/27/2021,31182.3,31419.7,31736.3,31024.0,1.52M,-0.76%
09/28/2021,31736.3,31182.3,31934.2,31024.0,2.75M,1.78%
09/29/2021,31578.0,31696.7,31696.7,31103.2,1.49M,-0.50%
09/30/2021,31221.9,31538.5,31657.2,31142.7,1.38M,-1.13%
10/01/2021,30707.5,31103.2,31221.9,30707.5,2.09M,-1.65%
10/04/2021,30786.6,30747.0,31340.6,30470.0,1.33M,0.26%
10/05/2021,31103.2,30865.7,31301.0,30865.7,918.20K,1.03%
10/06/2021,31182.3,31261.5,31657.2,31103.2,1.02M,0.25%
10/07/2021,30984.5,31182.3,31261.5,30984.5,1.28M,-0.63%
10/08/2021,31024.0,30984.5,31182.3,30984.5,1.23M,0.13%
10/11/2021,31657.2,31340.6,31657.2,31182.3,2.21M,2.04%
10/12/2021,31855.0,31815.5,32250.7,31696.7,2.50M,0.62%
10/13/2021,31578.0,31894.6,32013.3,31340.6,1.79M,-0.87%
10/14/2021,31301.0,31578.0,31617.6,31301.0,1.33M,-0.88%
10/15/2021,31261.5,31301.0,31538.5,31261.5,1.39M,-0.13%
10/18/2021,31103.2,31261.5,31696.7,30865.7,2.26M,-0.51%
10/19/2021,31696.7,31103.2,32092.5,30865.7,2.78M,1.91%
10/20/2021,31459.3,31696.7,31815.5,31103.2,1.36M,-0.75%
10/21/2021,31261.5,31459.3,31578.0,31261.5,795.10K,-0.63%
10/22/2021,31103.2,31261.5,31419.7,31103.2,1.33M,-0.51%
10/25/2021,31024.0,31340.6,31340.6,31024.0,1.12M,-0.25%
10/26/2021,31024.0,31024.0,31182.3,30984.5,688.20K,0.00%
10/27/2021,31578.0,31063.6,31617.6,31063.6,1.78M,1.79%
10/28/2021,31538.5,31657.2,31815.5,31419.7,1.56M,-0.13%
10/29/2021,32844.3,31657.2,33002.6,31578.0,4.69M,4.14%
11/01/2021,33081.7,33240.0,33319.2,32923.5,4.14M,0.72%
11/02/2021,33200.5,33081.7,33635.8,32923.5,1.92M,0.36%
11/03/2021,34071.0,33477.5,34902.0,33240.0,7.05M,2.62%
11/04/2021,34822.9,34150.2,35020.8,33794.0,5.51M,2.21%
11/05/2021,34506.3,34822.9,35139.5,34229.3,2.44M,-0.91%
11/08/2021,34743.8,34506.3,35139.5,34150.2,3.38M,0.69%
11/09/2021,34031.5,34822.9,34941.6,34031.5,3.20M,-2.05%
11/10/2021,34031.5,34110.6,34427.2,33517.0,2.69M,0.00%
11/11/2021,33873.2,34348.0,34427.2,33398.3,3.07M,-0.47%
11/12/2021,34189.8,33517.0,34268.9,33517.0,2.36M,0.93%
11/15/2021,33873.2,34308.5,34427.2,33240.0,1.92M,-0.93%
11/16/2021,33873.2,33794.0,34110.6,33596.2,1.59M,0.00%
11/17/2021,34506.3,33754.5,34664.6,33596.2,3.07M,1.87%
11/18/2021,35218.6,34822.9,35535.2,34348.0,4.42M,2.06%
11/19/2021,35139.5,35258.2,36445.3,33240.0,5.10M,-0.22%
11/22/2021,36049.6,35139.5,36564.0,34822.9,6.22M,2.59%
11/23/2021,35376.9,36010.0,36010.0,34981.2,2.26M,-1.87%
11/24/2021,36445.3,35574.8,36484.9,35297.8,5.19M,3.02%
11/25/2021,35891.3,36722.3,36722.3,35851.8,3.38M,-1.52%
11/26/2021,35970.5,36484.9,36564.0,34822.9,5.20M,0.22%
11/29/2021,35218.6,35218.6,35614.3,34902.0,4.10M,-2.09%
11/30/2021,35139.5,35535.2,36128.8,34506.3,3.20M,-0.22%
12/01/2021,35060.3,35139.5,35376.9,34585.5,2.21M,-0.23%
12/02/2021,34981.2,35020.8,35930.9,34822.9,1.72M,-0.23%
12/03/2021,33240.0,35218.6,35218.6,33240.0,2.77M,-4.98%
12/06/2021,33200.5,34031.5,34031.5,32963.0,3.59M,-0.12%
12/07/2021,34506.3,33279.6,34625.0,33279.6,2.08M,3.93%
12/08/2021,34822.9,34585.5,35060.3,34387.6,1.44M,0.92%
12/09/2021,34822.9,34783.3,34941.6,34466.8,1.23M,0.00%
12/10/2021,35297.8,35060.3,35772.6,35060.3,2.60M,1.36%
12/13/2021,36010.0,36010.0,36247.5,35693.5,3.12M,2.02%
12/14/2021,35851.8,36168.3,36168.3,35772.6,2.15M,-0.44%
12/15/2021,35535.2,35772.6,36010.0,35416.5,1.79M,-0.88%
12/16/2021,35535.2,35614.3,35614.3,34822.9,2.11M,0.00%
12/17/2021,35535.2,35535.2,36010.0,34902.0,2.33M,0.00%
12/20/2021,35297.8,35456.0,35574.8,35218.6,1.55M,-0.67%
12/21/2021,34664.6,35218.6,35337.3,34664.6,3.51M,-1.79%
12/22/2021,34268.9,34822.9,35020.8,33991.9,3.56M,-1.14%
12/23/2021,34500.0,34800.0,34900.0,33700.0,2.32M,0.67%
12/24/2021,35000.0,34500.0,35400.0,34500.0,1.53M,1.45%
12/27/2021,35300.0,35200.0,35500.0,35000.0,1.20M,0.86%
12/28/2021,35200.0,35500.0,35500.0,34900.0,1.36M,-0.28%
12/29/2021,35200.0,35550.0,35550.0,35100.0,1.58M,0.00%
12/30/2021,35400.0,35400.0,35700.0,35200.0,987.00K,0.57%
12/31/2021,37100.0,35600.0,37700.0,35500.0,4.86M,4.80%
01/04/2022,37400.0,37600.0,38000.0,37250.0,1.77M,0.81%
01/05/2022,37050.0,37900.0,37900.0,36900.0,1.92M,-0.94%
01/06/2022,38000.0,36500.0,38800.0,36250.0,6.00M,2.56%
01/07/2022,39200.0,38650.0,39450.0,37650.0,4.37M,3.16%
01/10/2022,38850.0,39200.0,40300.0,38800.0,3.18M,-0.89%
01/11/2022,39400.0,38800.0,39900.0,38300.0,4.28M,1.42%
01/12/2022,42150.0,39400.0,42150.0,39400.0,8.03M,6.98%
01/13/2022,44000.0,42500.0,45100.0,42500.0,9.66M,4.39%
01/14/2022,44250.0,43300.0,45100.0,43300.0,3.27M,0.57%
01/17/2022,43650.0,44000.0,47000.0,43600.0,7.74M,-1.36%
01/18/2022,44900.0,43400.0,45450.0,43400.0,4.85M,2.86%
01/19/2022,43650.0,45050.0,45800.0,43550.0,2.97M,-2.78%
01/20/2022,46700.0,43100.0,46700.0,42250.0,5.64M,6.99%
01/21/2022,47350.0,47050.0,48800.0,46500.0,4.57M,1.39%
01/24/2022,46900.0,46900.0,48500.0,46850.0,4.17M,-0.95%
01/25/2022,49000.0,46300.0,49000.0,45900.0,4.70M,4.48%
01/26/2022,48100.0,49500.0,49950.0,48100.0,4.05M,-1.84%
01/27/2022,47600.0,48000.0,48500.0,47400.0,1.92M,-1.04%
01/28/2022,47950.0,47600.0,49000.0,47300.0,2.96M,0.74%
02/07/2022,47400.0,48400.0,48600.0,47200.0,3.48M,-1.15%
02/08/2022,47350.0,47400.0,48400.0,46500.0,2.67M,-0.11%
02/09/2022,48400.0,47300.0,48900.0,47000.0,4.56M,2.22%
02/10/2022,48400.0,48600.0,48900.0,48000.0,2.74M,0.00%
02/11/2022,47900.0,48200.0,48500.0,47800.0,1.72M,-1.03%
02/14/2022,44750.0,47200.0,47600.0,44750.0,7.13M,-6.58%
02/15/2022,46200.0,44850.0,46300.0,44400.0,3.69M,3.24%
02/16/2022,45150.0,46100.0,46100.0,44700.0,2.80M,-2.27%
02/17/2022,46000.0,45700.0,46000.0,44700.0,1.79M,1.88%
02/18/2022,44700.0,45450.0,46050.0,44700.0,3.00M,-2.83%
02/21/2022,45250.0,44800.0,45450.0,43700.0,2.96M,1.23%
02/22/2022,46000.0,44900.0,46000.0,44700.0,2.29M,1.66%
02/23/2022,45600.0,46500.0,46900.0,45500.0,2.95M,-0.87%
02/24/2022,44600.0,45300.0,45550.0,43600.0,3.39M,-2.19%
02/25/2022,44550.0,44600.0,45600.0,44500.0,2.35M,-0.11%
02/28/2022,43700.0,44300.0,44550.0,43700.0,2.70M,-1.91%
03/01/2022,44100.0,43750.0,45000.0,43600.0,2.40M,0.92%
03/02/2022,42450.0,43700.0,44000.0,42350.0,3.09M,-3.74%
03/03/2022,42800.0,42350.0,43200.0,42000.0,2.47M,0.82%
03/04/2022,43300.0,42800.0,43500.0,42500.0,1.66M,1.17%
03/07/2022,42250.0,42800.0,42800.0,42150.0,2.27M,-2.42%
03/08/2022,41600.0,41800.0,42550.0,41400.0,2.59M,-1.54%
03/09/2022,40500.0,41600.0,41900.0,40500.0,1.97M,-2.64%
03/10/2022,40950.0,41500.0,42000.0,40950.0,1.56M,1.11%
03/11/2022,41850.0,40950.0,41850.0,40950.0,1.48M,2.20%
03/14/2022,41300.0,41850.0,42200.0,41300.0,1.34M,-1.31%
03/15/2022,42100.0,41300.0,42200.0,41000.0,1.52M,1.94%
03/16/2022,41600.0,42300.0,42300.0,41500.0,1.33M,-1.19%
03/17/2022,43500.0,42200.0,44250.0,41000.0,5.82M,4.57%
03/18/2022,43900.0,43700.0,44600.0,43500.0,2.79M,0.92%
03/21/2022,43800.0,43900.0,44100.0,43300.0,1.28M,-0.23%
03/22/2022,43500.0,43800.0,43950.0,43200.0,2.83M,-0.68%
03/23/2022,43400.0,43450.0,44400.0,43150.0,2.00M,-0.23%
03/24/2022,43100.0,43400.0,43450.0,43000.0,1.29M,-0.69%
03/25/2022,43450.0,43150.0,43850.0,42600.0,1.97M,0.81%
03/28/2022,41600.0,43000.0,43450.0,41450.0,3.98M,-4.26%
03/29/2022,42400.0,41700.0,42500.0,41500.0,1.73M,1.92%
03/30/2022,43550.0,42100.0,45000.0,41700.0,3.51M,2.71%
03/31/2022,43500.0,43750.0,43950.0,43400.0,1.44M,-0.11%
04/01/2022,44350.0,43500.0,44500.0,43400.0,3.17M,1.95%
04/04/2022,44250.0,44950.0,44950.0,44250.0,2.08M,-0.23%
04/05/2022,43300.0,43500.0,43800.0,43150.0,2.91M,-2.15%
04/06/2022,43500.0,43000.0,43800.0,42650.0,3.24M,0.46%
04/07/2022,43050.0,43500.0,44350.0,43050.0,3.15M,-1.03%
04/08/2022,41900.0,43000.0,43200.0,41800.0,3.15M,-2.67%
04/12/2022,40450.0,42300.0,42300.0,40450.0,3.19M,-3.46%
04/13/2022,40900.0,40500.0,41400.0,40100.0,2.00M,1.11%
04/14/2022,40500.0,41400.0,41400.0,40500.0,1.89M,-0.98%
04/15/2022,39300.0,40600.0,41200.0,39000.0,2.51M,-2.96%
04/18/2022,37950.0,39550.0,39700.0,37800.0,2.82M,-3.44%
04/19/2022,37950.0,38350.0,39200.0,37500.0,2.32M,0.00%
04/20/2022,37950.0,37950.0,38800.0,37850.0,1.46M,0.00%
04/21/2022,38500.0,37900.0,38750.0,37650.0,2.09M,1.45%
04/22/2022,38500.0,38600.0,39100.0,38000.0,2.63M,0.00%
04/25/2022,35850.0,38500.0,38600.0,35850.0,2.95M,-6.88%
04/26/2022,36900.0,35150.0,37250.0,35150.0,1.86M,2.93%
04/27/2022,37200.0,37000.0,37500.0,36450.0,748.10K,0.81%
04/28/2022,36700.0,37200.0,37200.0,36700.0,974.90K,-1.34%
04/29/2022,37250.0,36850.0,37750.0,36800.0,1.52M,1.50%
05/04/2022,37250.0,37250.0,37700.0,36950.0,1.56M,0.00%
05/05/2022,38200.0,37600.0,38200.0,37000.0,1.99M,2.55%
05/06/2022,37000.0,37350.0,37850.0,37000.0,1.58M,-3.14%
05/09/2022,34450.0,36600.0,36900.0,34450.0,2.41M,-6.89%
05/10/2022,35800.0,34100.0,35900.0,33500.0,1.73M,3.92%
05/11/2022,36100.0,35750.0,36100.0,35050.0,862.90K,0.84%
05/12/2022,33600.0,35400.0,35800.0,33600.0,1.51M,-6.93%
05/13/2022,31800.0,33800.0,34000.0,31800.0,2.35M,-5.36%
05/16/2022,32200.0,33200.0,33250.0,32200.0,1.28M,1.26%
05/17/2022,34450.0,32500.0,34450.0,32050.0,1.12M,6.99%
05/18/2022,34900.0,34900.0,35500.0,34200.0,1.29M,1.31%
05/19/2022,34650.0,34000.0,35000.0,33900.0,895.10K,-0.72%
05/20/2022,34500.0,34400.0,34900.0,34300.0,1.13M,-0.43%
05/23/2022,33350.0,34400.0,34700.0,33000.0,1.00M,-3.33%
05/24/2022,33750.0,33700.0,33850.0,33100.0,768.00K,1.20%
05/25/2022,34900.0,34000.0,35100.0,34000.0,1.07M,3.41%
05/26/2022,35100.0,35600.0,35750.0,35000.0,1.19M,0.57%
05/27/2022,35300.0,35100.0,35400.0,34900.0,891.00K,0.57%
05/30/2022,35750.0,35500.0,35850.0,35200.0,1.09M,1.27%
05/31/2022,35300.0,35500.0,35600.0,35000.0,1.03M,-1.26%
06/01/2022,35150.0,35100.0,35550.0,34950.0,1.07M,-0.42%
06/02/2022,34700.0,35150.0,35200.0,34500.0,905.20K,-1.28%
06/03/2022,34350.0,34700.0,34750.0,34000.0,570.70K,-1.01%
06/06/2022,34200.0,34350.0,34650.0,33800.0,918.80K,-0.44%
06/07/2022,33600.0,34100.0,34200.0,33100.0,1.17M,-1.75%
06/08/2022,34300.0,33700.0,34800.0,33650.0,982.90K,2.08%
06/09/2022,34500.0,34350.0,34750.0,34100.0,394.40K,0.58%
06/10/2022,33800.0,34050.0,34300.0,33800.0,786.00K,-2.03%
06/13/2022,31950.0,33050.0,33350.0,31950.0,1.45M,-5.47%
06/14/2022,32300.0,31900.0,32800.0,31100.0,1.18M,1.10%
06/15/2022,32000.0,32000.0,32500.0,31000.0,1.37M,-0.93%
06/16/2022,32300.0,32000.0,32800.0,32000.0,1.29M,0.94%
06/17/2022,31600.0,31950.0,31950.0,31200.0,1.22M,-2.17%
06/20/2022,29500.0,31700.0,31800.0,29500.0,972.60K,-6.65%
06/21/2022,30300.0,29100.0,30650.0,28950.0,1.40M,2.71%
06/22/2022,30500.0,30300.0,31600.0,29800.0,1.53M,0.66%
06/23/2022,31000.0,30500.0,31000.0,30050.0,422.30K,1.64%
06/24/2022,31200.0,31200.0,32250.0,31100.0,1.33M,0.65%
06/27/2022,31750.0,31300.0,31800.0,31150.0,826.30K,1.76%
06/28/2022,33650.0,31600.0,33950.0,31600.0,2.41M,5.98%
06/29/2022,34900.0,33000.0,34900.0,33000.0,2.34M,3.71%
06/30/2022,33500.0,35000.0,35000.0,33500.0,1.50M,-4.01%
07/01/2022,35050.0,32900.0,35700.0,32100.0,3.52M,4.63%
07/04/2022,35050.0,35500.0,35750.0,34900.0,1.83M,0.00%
07/05/2022,36300.0,35050.0,37500.0,35000.0,4.93M,3.57%
07/06/2022,35600.0,35800.0,36900.0,35500.0,2.73M,-1.93%
07/07/2022,36300.0,35400.0,36650.0,34300.0,2.82M,1.97%
07/08/2022,35000.0,36400.0,36450.0,35000.0,1.98M,-3.58%
07/11/2022,34500.0,34900.0,35150.0,33000.0,2.06M,-1.43%
07/12/2022,36400.0,34350.0,36500.0,34200.0,1.67M,5.51%
07/13/2022,36050.0,36200.0,37200.0,35800.0,2.66M,-0.96%
07/14/2022,36150.0,35800.0,36900.0,35750.0,1.50M,0.28%
07/15/2022,35800.0,36100.0,36750.0,35800.0,1.39M,-0.97%
07/18/2022,35500.0,36000.0,36000.0,35400.0,1.70M,-0.84%
07/19/2022,35650.0,35500.0,35850.0,35000.0,976.90K,0.42%
07/20/2022,36400.0,36200.0,36900.0,35950.0,1.59M,2.10%
07/21/2022,36500.0,36200.0,36850.0,36200.0,1.52M,0.27%
07/22/2022,35500.0,36900.0,36900.0,35500.0,1.25M,-2.74%
07/25/2022,35400.0,35500.0,35900.0,34800.0,1.20M,-0.28%
07/26/2022,35550.0,35800.0,36000.0,35500.0,885.80K,0.42%
07/27/2022,35550.0,35550.0,35650.0,35000.0,725.20K,0.00%
07/28/2022,36500.0,36000.0,36850.0,35700.0,2.05M,2.67%
07/29/2022,37300.0,36700.0,37900.0,36650.0,4.17M,2.19%
08/01/2022,39000.0,37400.0,39000.0,37300.0,3.37M,4.56%
08/02/2022,38500.0,38600.0,39000.0,38200.0,1.95M,-1.28%
08/03/2022,39300.0,37950.0,39300.0,37900.0,2.15M,2.08%
08/04/2022,39300.0,39300.0,39650.0,38500.0,2.42M,0.00%
08/05/2022,39000.0,39200.0,39200.0,38500.0,1.03M,-0.76%
08/08/2022,38800.0,39000.0,39250.0,38700.0,987.90K,-0.51%
08/09/2022,38650.0,38800.0,39200.0,38600.0,1.57M,-0.39%
08/10/2022,38400.0,38500.0,38800.0,38400.0,987.00K,-0.65%
08/11/2022,38300.0,39000.0,39300.0,38200.0,1.74M,-0.26%
08/12/2022,39200.0,38300.0,39200.0,38150.0,1.64M,2.35%
08/15/2022,41000.0,39300.0,41150.0,39300.0,3.77M,4.59%
08/16/2022,40500.0,40950.0,41100.0,40500.0,981.40K,-1.22%
08/17/2022,40000.0,40500.0,40600.0,40000.0,1.39M,-1.23%
08/18/2022,39600.0,39700.0,40100.0,39600.0,1.48M,-1.00%
08/19/2022,39350.0,39550.0,40000.0,39200.0,1.45M,-0.63%
08/22/2022,38450.0,39350.0,39350.0,38350.0,1.76M,-2.29%
08/23/2022,39500.0,38350.0,39500.0,38200.0,1.73M,2.73%
08/24/2022,39300.0,39700.0,39800.0,38950.0,969.80K,-0.51%
08/25/2022,39300.0,39000.0,39500.0,38950.0,1.27M,0.00%
08/26/2022,39400.0,39300.0,40150.0,39300.0,2.01M,0.25%
08/29/2022,39000.0,38600.0,39300.0,38150.0,1.35M,-1.02%
08/30/2022,39800.0,39050.0,40450.0,39000.0,2.33M,2.05%
08/31/2022,40000.0,39800.0,40200.0,39600.0,1.62M,0.50%
09/05/2022,39500.0,40000.0,40050.0,39250.0,803.80K,-1.25%
09/06/2022,40050.0,39500.0,40550.0,39450.0,1.78M,1.39%
09/07/2022,37800.0,39900.0,39900.0,37800.0,3.01M,-5.62%
09/08/2022,36700.0,37900.0,38350.0,36600.0,2.19M,-2.91%
09/09/2022,37000.0,36700.0,37100.0,36150.0,1.11M,0.82%
09/12/2022,36900.0,37000.0,37500.0,36800.0,937.80K,-0.27%
09/13/2022,36800.0,36900.0,37250.0,36650.0,840.20K,-0.27%
09/14/2022,36500.0,36000.0,36500.0,35950.0,933.10K,-0.82%
09/15/2022,35750.0,36500.0,36800.0,35650.0,1.95M,-2.05%
09/16/2022,35500.0,36000.0,36200.0,35500.0,974.90K,-0.70%
09/19/2022,34200.0,35450.0,35450.0,34100.0,1.28M,-3.66%
09/20/2022,35150.0,34300.0,35250.0,34300.0,1.12M,2.78%
09/21/2022,34750.0,34800.0,35100.0,34750.0,495.40K,-1.14%
09/22/2022,35150.0,34550.0,35300.0,34450.0,977.30K,1.15%
09/23/2022,34750.0,35600.0,35600.0,34500.0,785.40K,-1.14%
09/26/2022,33400.0,34100.0,34250.0,32400.0,2.02M,-3.88%
09/27/2022,33700.0,33500.0,34050.0,33000.0,607.30K,0.90%
09/28/2022,33500.0,33700.0,33900.0,33350.0,777.90K,-0.59%
09/29/2022,33500.0,34000.0,34100.0,33450.0,1.00M,0.00%
09/30/2022,33900.0,32800.0,33900.0,32300.0,1.82M,1.19%
10/03/2022,31550.0,33100.0,33600.0,31550.0,1.57M,-6.93%
10/04/2022,31000.0,32000.0,32050.0,30900.0,1.20M,-1.74%
10/05/2022,31800.0,31800.0,32000.0,31300.0,516.10K,2.58%
10/06/2022,31000.0,31950.0,31950.0,31000.0,915.80K,-2.52%
10/07/2022,29200.0,30500.0,30600.0,28900.0,1.72M,-5.81%
10/10/2022,30000.0,28150.0,30450.0,28000.0,1.00M,2.74%
10/11/2022,28500.0,30000.0,30000.0,28500.0,907.90K,-5.00%
10/12/2022,30450.0,29000.0,30450.0,28700.0,1.48M,6.84%
10/13/2022,32450.0,30550.0,32450.0,30450.0,1.41M,6.57%
10/14/2022,33000.0,33000.0,33200.0,32600.0,1.72M,1.69%
10/17/2022,32700.0,32950.0,32950.0,31700.0,1.09M,-0.91%
10/18/2022,32800.0,33000.0,33450.0,32700.0,882.40K,0.31%
10/19/2022,33000.0,32800.0,33500.0,32400.0,753.30K,0.61%
10/20/2022,33150.0,32600.0,34000.0,32500.0,1.48M,0.45%
10/21/2022,32600.0,33150.0,33150.0,32100.0,1.66M,-1.66%
10/24/2022,30350.0,32950.0,32950.0,30350.0,1.37M,-6.90%
10/25/2022,31300.0,30000.0,32450.0,29300.0,1.46M,3.13%
10/26/2022,31700.0,31500.0,32500.0,31300.0,684.00K,1.28%
10/27/2022,33900.0,31800.0,33900.0,31800.0,2.03M,6.94%
10/28/2022,33800.0,34300.0,34950.0,33800.0,2.11M,-0.29%
10/31/2022,34550.0,33800.0,34850.0,33700.0,2.66M,2.22%
11/01/2022,34050.0,34600.0,35150.0,34000.0,1.62M,-1.45%
11/02/2022,33700.0,34050.0,34350.0,33550.0,1.33M,-1.03%
11/03/2022,33000.0,33150.0,33800.0,33000.0,1.13M,-2.08%
11/04/2022,33300.0,33000.0,33650.0,31550.0,2.38M,0.91%
11/07/2022,33300.0,32800.0,34100.0,32800.0,1.58M,0.00%
11/08/2022,34900.0,33000.0,35000.0,33000.0,3.08M,4.80%
11/09/2022,36150.0,35100.0,36800.0,35050.0,4.50M,3.58%
11/10/2022,34700.0,35950.0,35950.0,33650.0,2.50M,-4.01%
11/11/2022,36000.0,36000.0,36500.0,35400.0,2.17M,3.75%
11/14/2022,35900.0,35600.0,36900.0,34900.0,1.33M,-0.28%
11/15/2022,33400.0,35000.0,35750.0,33400.0,1.89M,-6.96%
11/16/2022,35700.0,31900.0,35700.0,31550.0,1.60M,6.89%
11/17/2022,35650.0,36200.0,36500.0,35500.0,1.49M,-0.14%
11/18/2022,35950.0,35650.0,36050.0,34000.0,1.38M,0.84%
11/21/2022,35500.0,36500.0,36500.0,35500.0,1.29M,-1.25%
11/22/2022,36450.0,34600.0,36750.0,34600.0,2.11M,2.68%
11/23/2022,37400.0,36400.0,38000.0,35950.0,2.42M,2.61%
11/24/2022,38000.0,37200.0,38400.0,36800.0,1.79M,1.60%
11/25/2022,40000.0,38400.0,40000.0,38200.0,2.56M,5.26%
11/28/2022,39500.0,40000.0,40600.0,39000.0,2.61M,-1.25%
11/29/2022,41000.0,39500.0,41000.0,38850.0,2.55M,3.80%
11/30/2022,41100.0,41000.0,42300.0,39500.0,2.05M,0.24%
12/01/2022,39000.0,41100.0,41500.0,39000.0,1.94M,-5.11%
12/02/2022,41200.0,39000.0,41300.0,38950.0,1.50M,5.64%
12/05/2022,41250.0,41400.0,42000.0,40550.0,1.67M,0.12%
12/06/2022,39100.0,41100.0,41100.0,39100.0,2.67M,-5.21%
12/07/2022,39000.0,39500.0,39500.0,38500.0,1.80M,-0.26%
12/08/2022,39000.0,39200.0,41200.0,38800.0,2.73M,0.00%
12/09/2022,39200.0,38900.0,39500.0,38300.0,1.62M,0.51%
12/12/2022,38100.0,39400.0,39900.0,38100.0,1.98M,-2.81%
12/13/2022,38700.0,38050.0,39500.0,38050.0,1.71M,1.57%
12/14/2022,38800.0,39700.0,39700.0,38800.0,659.40K,0.26%
12/15/2022,39000.0,38600.0,39850.0,38600.0,1.46M,0.52%
12/16/2022,38900.0,38650.0,39500.0,38650.0,1.00M,-0.26%
12/19/2022,38800.0,38800.0,40500.0,38800.0,1.92M,-0.26%
12/20/2022,38500.0,38800.0,39000.0,37500.0,1.65M,-0.77%
12/21/2022,38600.0,38850.0,39600.0,38450.0,1.43M,0.26%
12/22/2022,39000.0,38850.0,39900.0,38750.0,1.34M,1.04%
12/23/2022,39000.0,39500.0,39500.0,39000.0,690.60K,0.00%
12/26/2022,38800.0,39000.0,39100.0,38750.0,1.26M,-0.51%
12/27/2022,40000.0,38800.0,40000.0,38700.0,1.50M,3.09%
12/28/2022,41900.0,40100.0,42400.0,39600.0,3.69M,4.75%
12/29/2022,40000.0,42000.0,42100.0,40000.0,1.27M,-4.53%
12/30/2022,38600.0,40250.0,41500.0,38600.0,2.62M,-3.50%
01/03/2023,41200.0,39300.0,41200.0,39050.0,1.73M,6.74%
01/04/2023,40800.0,41200.0,42200.0,40400.0,2.07M,-0.97%
01/05/2023,40750.0,41000.0,41100.0,40250.0,1.18M,-0.12%
01/06/2023,41650.0,40750.0,42450.0,40600.0,3.40M,2.21%
01/09/2023,41000.0,42200.0,42200.0,40850.0,1.33M,-1.56%
01/10/2023,41300.0,41600.0,41700.0,40750.0,924.00K,0.73%
01/11/2023,41250.0,41600.0,42200.0,40900.0,1.53M,-0.12%
01/12/2023,41450.0,41350.0,41950.0,41000.0,708.20K,0.48%
01/13/2023,41800.0,41600.0,42200.0,41600.0,1.63M,0.84%
01/16/2023,44700.0,42000.0,44700.0,41950.0,4.74M,6.94%
01/17/2023,44950.0,45000.0,45300.0,44600.0,1.50M,0.56%
01/18/2023,45100.0,44900.0,45550.0,44800.0,1.83M,0.33%
01/19/2023,45950.0,45100.0,46300.0,44950.0,1.66M,1.88%
01/27/2023,44550.0,46500.0,46600.0,44500.0,1.73M,-3.05%
01/30/2023,44500.0,44000.0,44900.0,44000.0,1.21M,-0.11%
01/31/2023,45100.0,44250.0,45100.0,43550.0,1.64M,1.35%
02/01/2023,42800.0,45350.0,45500.0,42600.0,2.51M,-5.10%
02/02/2023,43150.0,42750.0,43600.0,42100.0,2.86M,0.82%
02/03/2023,43350.0,43500.0,43800.0,43150.0,1.38M,0.46%
02/06/2023,45000.0,43300.0,45000.0,42900.0,1.75M,3.81%
02/07/2023,43800.0,45000.0,45350.0,43700.0,1.57M,-2.67%
02/08/2023,44500.0,43900.0,45250.0,43900.0,1.80M,1.60%
02/09/2023,44000.0,44500.0,45000.0,44000.0,1.18M,-1.12%
02/10/2023,42950.0,44400.0,44550.0,42950.0,1.40M,-2.39%
02/13/2023,44400.0,42950.0,44400.0,42950.0,1.59M,3.38%
02/14/2023,43400.0,44500.0,44500.0,43300.0,1.33M,-2.25%
02/15/2023,44000.0,43150.0,44450.0,43150.0,604.60K,1.38%
02/16/2023,45000.0,44700.0,45000.0,44000.0,1.07M,2.27%
02/17/2023,45800.0,45000.0,45800.0,44950.0,1.49M,1.78%
02/20/2023,47200.0,45800.0,47350.0,45800.0,1.51M,3.06%
02/21/2023,46250.0,47200.0,47300.0,46250.0,996.60K,-2.01%
02/22/2023,45000.0,45850.0,46000.0,45000.0,994.10K,-2.70%
02/23/2023,45550.0,44950.0,45550.0,43700.0,1.28M,1.22%
02/24/2023,44600.0,45050.0,45550.0,44400.0,497.90K,-2.09%
02/27/2023,44250.0,44500.0,44500.0,43600.0,939.20K,-0.78%
02/28/2023,44100.0,44250.0,44600.0,44050.0,257.60K,-0.34%
03/01/2023,45650.0,44000.0,45650.0,43800.0,740.90K,3.51%
03/02/2023,46400.0,45650.0,46500.0,45400.0,976.20K,1.64%
03/03/2023,45900.0,46400.0,46500.0,45250.0,735.40K,-1.08%
03/06/2023,45800.0,45900.0,47000.0,45300.0,864.90K,-0.22%
03/07/2023,46900.0,45500.0,47100.0,45500.0,1.63M,2.40%
03/08/2023,48000.0,46400.0,48000.0,45900.0,1.23M,2.35%
03/09/2023,47650.0,48000.0,48000.0,47050.0,1.17M,-0.73%
03/10/2023,47150.0,47450.0,47450.0,46950.0,862.20K,-1.05%
03/13/2023,46250.0,46600.0,46900.0,46250.0,933.70K,-1.91%
03/14/2023,45050.0,46100.0,46350.0,44750.0,1.44M,-2.59%
03/15/2023,46800.0,46000.0,47400.0,45450.0,628.40K,3.88%
03/16/2023,46250.0,46050.0,46900.0,46050.0,875.70K,-1.18%
03/17/2023,46300.0,47000.0,47000.0,46000.0,310.70K,0.11%
03/20/2023,45350.0,46000.0,46000.0,45000.0,585.80K,-2.05%
03/21/2023,45350.0,45400.0,45750.0,44800.0,741.60K,0.00%
03/22/2023,46100.0,45750.0,46200.0,45450.0,560.80K,1.65%
03/23/2023,45900.0,45300.0,46000.0,45300.0,414.90K,-0.43%
03/24/2023,45550.0,45900.0,46300.0,45500.0,364.60K,-0.76%
03/27/2023,46000.0,45550.0,46150.0,45000.0,672.20K,0.99%
03/28/2023,46000.0,46500.0,46800.0,46000.0,504.00K,0.00%
03/29/2023,46200.0,46000.0,46350.0,45550.0,303.10K,0.43%
03/30/2023,46200.0,46250.0,46600.0,46200.0,699.70K,0.00%
03/31/2023,46200.0,46200.0,47000.0,46050.0,643.70K,0.00%
04/03/2023,45900.0,46650.0,46800.0,45800.0,1.26M,-0.65%
04/04/2023,46000.0,45900.0,46150.0,45700.0,889.60K,0.22%
04/05/2023,45500.0,46000.0,46300.0,45300.0,1.36M,-1.09%
04/06/2023,46000.0,45500.0,46500.0,45300.0,1.51M,1.10%
04/07/2023,45650.0,45750.0,46000.0,45500.0,731.90K,-0.76%
04/10/2023,44700.0,45800.0,45800.0,44700.0,1.81M,-2.08%
04/11/2023,44400.0,44450.0,44650.0,44150.0,1.23M,-0.67%
04/12/2023,44400.0,44500.0,44800.0,44200.0,775.50K,0.00%
04/13/2023,44950.0,44400.0,45000.0,44400.0,779.00K,1.24%
04/14/2023,44450.0,45000.0,45000.0,44450.0,618.70K,-1.11%
04/17/2023,45000.0,44450.0,45100.0,44400.0,716.60K,1.24%
04/18/2023,44600.0,44800.0,45000.0,44300.0,639.70K,-0.89%
04/19/2023,44400.0,44750.0,44750.0,44200.0,452.10K,-0.45%
04/20/2023,44600.0,44350.0,44600.0,44150.0,256.90K,0.45%
04/21/2023,44200.0,44600.0,44600.0,44200.0,354.50K,-0.90%
04/24/2023,43700.0,44200.0,44200.0,43700.0,462.90K,-1.13%
04/25/2023,43550.0,43600.0,43900.0,43150.0,539.20K,-0.34%
04/26/2023,44100.0,43500.0,44300.0,43200.0,405.10K,1.26%
04/27/2023,43900.0,44100.0,44100.0,43500.0,163.10K,-0.45%
04/28/2023,43500.0,43950.0,44100.0,43500.0,414.60K,-0.91%
05/04/2023,43750.0,43500.0,44200.0,43300.0,376.50K,0.57%
05/05/2023,43450.0,43800.0,43850.0,43450.0,296.50K,-0.69%
05/08/2023,44700.0,43550.0,45500.0,43550.0,1.13M,2.88%
05/09/2023,45100.0,44700.0,45350.0,44700.0,650.90K,0.89%
05/10/2023,45000.0,45300.0,45300.0,44500.0,595.00K,-0.22%
05/11/2023,45000.0,45000.0,45250.0,44800.0,510.50K,0.00%
05/12/2023,45000.0,45000.0,45100.0,44550.0,428.30K,0.00%
05/15/2023,44900.0,46000.0,46000.0,44900.0,435.50K,-0.22%
05/16/2023,45000.0,45100.0,45100.0,44750.0,429.20K,0.22%
05/17/2023,44800.0,45000.0,45100.0,44800.0,865.90K,-0.44%
05/18/2023,44650.0,44900.0,44950.0,44500.0,514.70K,-0.33%
05/19/2023,44400.0,44600.0,44950.0,44300.0,603.20K,-0.56%
05/22/2023,44400.0,44400.0,44950.0,44400.0,607.80K,0.00%
05/23/2023,43850.0,44900.0,44900.0,43850.0,753.50K,-1.24%
05/24/2023,43500.0,44000.0,44000.0,43500.0,767.10K,-0.80%
05/25/2023,43750.0,43500.0,44000.0,43450.0,655.40K,0.57%
05/26/2023,43400.0,44100.0,44100.0,43400.0,544.80K,-0.80%
05/29/2023,43900.0,43950.0,43950.0,43400.0,668.10K,1.15%
05/30/2023,43800.0,44000.0,44000.0,43600.0,800.80K,-0.23%
05/31/2023,44000.0,43800.0,44000.0,43550.0,770.80K,0.46%
06/01/2023,43900.0,44000.0,44000.0,43650.0,617.90K,-0.23%
06/02/2023,44700.0,44000.0,44900.0,44000.0,1.20M,1.82%
06/05/2023,44700.0,44900.0,45350.0,44700.0,959.10K,0.00%
06/06/2023,44800.0,45000.0,45000.0,44300.0,846.10K,0.22%
06/07/2023,44350.0,44800.0,44900.0,44350.0,967.70K,-1.00%
06/08/2023,43700.0,44400.0,44500.0,43700.0,1.66M,-1.47%
06/09/2023,43450.0,43800.0,44050.0,43100.0,1.29M,-0.57%
